Handle,Title,Body (HTML),Vendor,Product Category,Type,Tags,Published,Option1 Name,Option1 Value,Option2 Name,Option2 Value,Option3 Name,Option3 Value,Variant SKU,Variant Grams,Variant Inventory Tracker,Variant Inventory Policy,Variant Fulfillment Service,Variant Price,Variant Compare At Price,Variant Requires Shipping,Variant Taxable,Variant Barcode,Image Src,Image Position,Image Alt Text,Gift Card,SEO Title,SEO Description,Google Shopping / Google Product Category,Google Shopping / Gender,Google Shopping / Age Group,Google Shopping / MPN,Google Shopping / Condition,Google Shopping / Custom Product,Google Shopping / Custom Label 0,Google Shopping / Custom Label 1,Google Shopping / Custom Label 2,Google Shopping / Custom Label 3,Google Shopping / Custom Label 4,Variant Image,Variant Weight Unit,Variant Tax Code,Cost per item,Included / Netherlands,Status
"solitaire-princess-ring","Solitaire Ring with Princess Shape Diamond","<p>Classic timeless solitaire ring with princess cut diamond</p>","Diamonds by CS","Jewelry & Watches > Jewelry > Rings","Engagement Ring","engagement-ring, solitaire, princess, lab-grown-diamond","true","Metal Color","18K Yellow Gold","Diamond Type","0.50ct","Ring Size","EU 48","SOLITAIRE-PRINCESS-RING-YG-050-EU48","0","","continue","manual","790.00","","true","true","","","","","false","","","","unisex","adult","","new","true","","","","","","","g","","","true","active"
"solitaire-princess-ring","","","","","","","","Metal Color","18K Yellow Gold","Diamond Type","0.50ct","Ring Size","EU 50","SOLITAIRE-PRINCESS-RING-YG-050-EU50","0","","continue","manual","790.00","","true","true","","","","","false","","","","unisex","adult","","new","true","","","","","","","g","","","true","active"
"solitaire-princess-ring","","","","","","","","Metal Color","18K Yellow Gold","Diamond Type","0.50ct","Ring Size","EU 52","SOLITAIRE-PRINCESS-RING-YG-050-EU52","0","","continue","manual","790.00","","true","true","","","","","false","","","","unisex","adult","","new","true","","","","","","","g","","","true","active"
"solitaire-princess-ring","","","","","","","","Metal Color","18K Yellow Gold","Diamond Type","0.50ct","Ring Size","EU 54","SOLITAIRE-PRINCESS-RING-YG-050-EU54","0","","continue","manual","790.00","","true","true","","","","","false","","","","unisex","adult","","new","true","","","","","","","g","","","true","active"
"solitaire-princess-ring","","","","","","","","Metal Color","18K Yellow Gold","Diamond Type","0.50ct","Ring Size","EU 56","SOLITAIRE-PRINCESS-RING-YG-050-EU56","0","","continue","manual","790.00","","true","true","","","","","false","","","","unisex","adult","","new","true","","","","","","","g","","","true","active"
"solitaire-princess-ring","","","","","","","","Metal Color","18K Yellow Gold","Diamond Type","0.50ct","Ring Size","EU 58","SOLITAIRE-PRINCESS-RING-YG-050-EU58","0","","continue","manual","790.00","","true","true","","","","","false","","","","unisex","adult","","new","true","","","","","","","g","","","true","active"
"solitaire-princess-ring","","","","","","","","Metal Color","18K Yellow Gold","Diamond Type","0.50ct","Ring Size","EU 60","SOLITAIRE-PRINCESS-RING-YG-050-EU60","0","","continue","manual","790.00","","true","true","","","","","false","","","","unisex","adult","","new","true","","","","","","","g","","","true","active"
"solitaire-princess-ring","","","","","","","","Metal Color","18K Yellow Gold","Diamond Type","1.00ct","Ring Size","EU 48","SOLITAIRE-PRINCESS-RING-YG-100-EU48","0","","continue","manual","990.00","","true","true","","","","","false","","","","unisex","adult","","new","true","","","","","","","g","","","true","active"
"solitaire-princess-ring","","","","","","","","Metal Color","18K Yellow Gold","Diamond Type","1.00ct","Ring Size","EU 50","SOLITAIRE-PRINCESS-RING-YG-100-EU50","0","","continue","manual","990.00","","true","true","","","","","false","","","","unisex","adult","","new","true","","","","","","","g","","","true","active"
"solitaire-princess-ring","","","","","","","","Metal Color","18K Yellow Gold","Diamond Type","1.00ct","Ring Size","EU 52","SOLITAIRE-PRINCESS-RING-YG-100-EU52","0","","continue","manual","990.00","","true","true","","","","","false","","","","unisex","adult","","new","true","","","","","","","g","","","true","active"
"solitaire-princess-ring","","","","","","","","Metal Color","18K Yellow Gold","Diamond Type","1.00ct","Ring Size","EU 54","SOLITAIRE-PRINCESS-RING-YG-100-EU54","0","","continue","manual","990.00","","true","true","","","","","false","","","","unisex","adult","","new","true","","","","","","","g","","","true","active"
"solitaire-princess-ring","","","","","","","","Metal Color","18K Yellow Gold","Diamond Type","1.00ct","Ring Size","EU 56","SOLITAIRE-PRINCESS-RING-YG-100-EU56","0","","continue","manual","990.00","","true","true","","","","","false","","","","unisex","adult","","new","true","","","","","","","g","","","true","active"
"solitaire-princess-ring","","","","","","","","Metal Color","18K Yellow Gold","Diamond Type","1.00ct","Ring Size","EU 58","SOLITAIRE-PRINCESS-RING-YG-100-EU58","0","","continue","manual","990.00","","true","true","","","","","false","","","","unisex","adult","","new","true","","","","","","","g","","","true","active"
"solitaire-princess-ring","","","","","","","","Metal Color","18K Yellow Gold","Diamond Type","1.00ct","Ring Size","EU 60","SOLITAIRE-PRINCESS-RING-YG-100-EU60","0","","continue","manual","990.00","","true","true","","","","","false","","","","unisex","adult","","new","true","","","","","","","g","","","true","active"
"solitaire-princess-ring","","","","","","","","Metal Color","18K Yellow Gold","Diamond Type","1.50ct","Ring Size","EU 48","SOLITAIRE-PRINCESS-RING-YG-150-EU48","0","","continue","manual","1250.00","","true","true","","","","","false","","","","unisex","adult","","new","true","","","","","","","g","","","true","active"
"solitaire-princess-ring","","","","","","","","Metal Color","18K Yellow Gold","Diamond Type","1.50ct","Ring Size","EU 50","SOLITAIRE-PRINCESS-RING-YG-150-EU50","0","","continue","manual","1250.00","","true","true","","","","","false","","","","unisex","adult","","new","true","","","","","","","g","","","true","active"
"solitaire-princess-ring","","","","","","","","Metal Color","18K Yellow Gold","Diamond Type","1.50ct","Ring Size","EU 52","SOLITAIRE-PRINCESS-RING-YG-150-EU52","0","","continue","manual","1250.00","","true","true","","","","","false","","","","unisex","adult","","new","true","","","","","","","g","","","true","active"
"solitaire-princess-ring","","","","","","","","Metal Color","18K Yellow Gold","Diamond Type","1.50ct","Ring Size","EU 54","SOLITAIRE-PRINCESS-RING-YG-150-EU54","0","","continue","manual","1250.00","","true","true","","","","","false","","","","unisex","adult","","new","true","","","","","","","g","","","true","active"
"solitaire-princess-ring","","","","","","","","Metal Color","18K Yellow Gold","Diamond Type","1.50ct","Ring Size","EU 56","SOLITAIRE-PRINCESS-RING-YG-150-EU56","0","","continue","manual","1250.00","","true","true","","","","","false","","","","unisex","adult","","new","true","","","","","","","g","","","true","active"
"solitaire-princess-ring","","","","","","","","Metal Color","18K Yellow Gold","Diamond Type","1.50ct","Ring Size","EU 58","SOLITAIRE-PRINCESS-RING-YG-150-EU58","0","","continue","manual","1250.00","","true","true","","","","","false","","","","unisex","adult","","new","true","","","","","","","g","","","true","active"
"solitaire-princess-ring","","","","","","","","Metal Color","18K Yellow Gold","Diamond Type","1.50ct","Ring Size","EU 60","SOLITAIRE-PRINCESS-RING-YG-150-EU60","0","","continue","manual","1250.00","","true","true","","","","","false","","","","unisex","adult","","new","true","","","","","","","g","","","true","active"
"solitaire-princess-ring","","","","","","","","Metal Color","18K Yellow Gold","Diamond Type","Natural Diamond","Ring Size","EU 48","SOLITAIRE-PRINCESS-RING-YG-Natural-Diamond-EU48","0","","continue","manual","3000.00","","true","true","","","","","false","","","","unisex","adult","","new","true","","","","","","","g","","","true","active"
"solitaire-princess-ring","","","","","","","","Metal Color","18K Yellow Gold","Diamond Type","Natural Diamond","Ring Size","EU 50","SOLITAIRE-PRINCESS-RING-YG-Natural-Diamond-EU50","0","","continue","manual","3000.00","","true","true","","","","","false","","","","unisex","adult","","new","true","","","","","","","g","","","true","active"
"solitaire-princess-ring","","","","","","","","Metal Color","18K Yellow Gold","Diamond Type","Natural Diamond","Ring Size","EU 52","SOLITAIRE-PRINCESS-RING-YG-Natural-Diamond-EU52","0","","continue","manual","3000.00","","true","true","","","","","false","","","","unisex","adult","","new","true","","","","","","","g","","","true","active"
"solitaire-princess-ring","","","","","","","","Metal Color","18K Yellow Gold","Diamond Type","Natural Diamond","Ring Size","EU 54","SOLITAIRE-PRINCESS-RING-YG-Natural-Diamond-EU54","0","","continue","manual","3000.00","","true","true","","","","","false","","","","unisex","adult","","new","true","","","","","","","g","","","true","active"
"solitaire-princess-ring","","","","","","","","Metal Color","18K Yellow Gold","Diamond Type","Natural Diamond","Ring Size","EU 56","SOLITAIRE-PRINCESS-RING-YG-Natural-Diamond-EU56","0","","continue","manual","3000.00","","true","true","","","","","false","","","","unisex","adult","","new","true","","","","","","","g","","","true","active"
"solitaire-princess-ring","","","","","","","","Metal Color","18K Yellow Gold","Diamond Type","Natural Diamond","Ring Size","EU 58","SOLITAIRE-PRINCESS-RING-YG-Natural-Diamond-EU58","0","","continue","manual","3000.00","","true","true","","","","","false","","","","unisex","adult","","new","true","","","","","","","g","","","true","active"
"solitaire-princess-ring","","","","","","","","Metal Color","18K Yellow Gold","Diamond Type","Natural Diamond","Ring Size","EU 60","SOLITAIRE-PRINCESS-RING-YG-Natural-Diamond-EU60","0","","continue","manual","3000.00","","true","true","","","","","false","","","","unisex","adult","","new","true","","","","","","","g","","","true","active"
"solitaire-princess-ring","","","","","","","","Metal Color","18K White Gold","Diamond Type","0.50ct","Ring Size","EU 48","SOLITAIRE-PRINCESS-RING-WG-050-EU48","0","","continue","manual","790.00","","true","true","","","","","false","","","","unisex","adult","","new","true","","","","","","","g","","","true","active"
"solitaire-princess-ring","","","","","","","","Metal Color","18K White Gold","Diamond Type","0.50ct","Ring Size","EU 50","SOLITAIRE-PRINCESS-RING-WG-050-EU50","0","","continue","manual","790.00","","true","true","","","","","false","","","","unisex","adult","","new","true","","","","","","","g","","","true","active"
"solitaire-princess-ring","","","","","","","","Metal Color","18K White Gold","Diamond Type","0.50ct","Ring Size","EU 52","SOLITAIRE-PRINCESS-RING-WG-050-EU52","0","","continue","manual","790.00","","true","true","","","","","false","","","","unisex","adult","","new","true","","","","","","","g","","","true","active"
"solitaire-princess-ring","","","","","","","","Metal Color","18K White Gold","Diamond Type","0.50ct","Ring Size","EU 54","SOLITAIRE-PRINCESS-RING-WG-050-EU54","0","","continue","manual","790.00","","true","true","","","","","false","","","","unisex","adult","","new","true","","","","","","","g","","","true","active"
"solitaire-princess-ring","","","","","","","","Metal Color","18K White Gold","Diamond Type","0.50ct","Ring Size","EU 56","SOLITAIRE-PRINCESS-RING-WG-050-EU56","0","","continue","manual","790.00","","true","true","","","","","false","","","","unisex","adult","","new","true","","","","","","","g","","","true","active"
"solitaire-princess-ring","","","","","","","","Metal Color","18K White Gold","Diamond Type","0.50ct","Ring Size","EU 58","SOLITAIRE-PRINCESS-RING-WG-050-EU58","0","","continue","manual","790.00","","true","true","","","","","false","","","","unisex","adult","","new","true","","","","","","","g","","","true","active"
"solitaire-princess-ring","","","","","","","","Metal Color","18K White Gold","Diamond Type","0.50ct","Ring Size","EU 60","SOLITAIRE-PRINCESS-RING-WG-050-EU60","0","","continue","manual","790.00","","true","true","","","","","false","","","","unisex","adult","","new","true","","","","","","","g","","","true","active"
"solitaire-princess-ring","","","","","","","","Metal Color","18K White Gold","Diamond Type","1.00ct","Ring Size","EU 48","SOLITAIRE-PRINCESS-RING-WG-100-EU48","0","","continue","manual","990.00","","true","true","","","","","false","","","","unisex","adult","","new","true","","","","","","","g","","","true","active"
"solitaire-princess-ring","","","","","","","","Metal Color","18K White Gold","Diamond Type","1.00ct","Ring Size","EU 50","SOLITAIRE-PRINCESS-RING-WG-100-EU50","0","","continue","manual","990.00","","true","true","","","","","false","","","","unisex","adult","","new","true","","","","","","","g","","","true","active"
"solitaire-princess-ring","","","","","","","","Metal Color","18K White Gold","Diamond Type","1.00ct","Ring Size","EU 52","SOLITAIRE-PRINCESS-RING-WG-100-EU52","0","","continue","manual","990.00","","true","true","","","","","false","","","","unisex","adult","","new","true","","","","","","","g","","","true","active"
"solitaire-princess-ring","","","","","","","","Metal Color","18K White Gold","Diamond Type","1.00ct","Ring Size","EU 54","SOLITAIRE-PRINCESS-RING-WG-100-EU54","0","","continue","manual","990.00","","true","true","","","","","false","","","","unisex","adult","","new","true","","","","","","","g","","","true","active"
"solitaire-princess-ring","","","","","","","","Metal Color","18K White Gold","Diamond Type","1.00ct","Ring Size","EU 56","SOLITAIRE-PRINCESS-RING-WG-100-EU56","0","","continue","manual","990.00","","true","true","","","","","false","","","","unisex","adult","","new","true","","","","","","","g","","","true","active"
"solitaire-princess-ring","","","","","","","","Metal Color","18K White Gold","Diamond Type","1.00ct","Ring Size","EU 58","SOLITAIRE-PRINCESS-RING-WG-100-EU58","0","","continue","manual","990.00","","true","true","","","","","false","","","","unisex","adult","","new","true","","","","","","","g","","","true","active"
"solitaire-princess-ring","","","","","","","","Metal Color","18K White Gold","Diamond Type","1.00ct","Ring Size","EU 60","SOLITAIRE-PRINCESS-RING-WG-100-EU60","0","","continue","manual","990.00","","true","true","","","","","false","","","","unisex","adult","","new","true","","","","","","","g","","","true","active"
"solitaire-princess-ring","","","","","","","","Metal Color","18K White Gold","Diamond Type","1.50ct","Ring Size","EU 48","SOLITAIRE-PRINCESS-RING-WG-150-EU48","0","","continue","manual","1250.00","","true","true","","","","","false","","","","unisex","adult","","new","true","","","","","","","g","","","true","active"
"solitaire-princess-ring","","","","","","","","Metal Color","18K White Gold","Diamond Type","1.50ct","Ring Size","EU 50","SOLITAIRE-PRINCESS-RING-WG-150-EU50","0","","continue","manual","1250.00","","true","true","","","","","false","","","","unisex","adult","","new","true","","","","","","","g","","","true","active"
"solitaire-princess-ring","","","","","","","","Metal Color","18K White Gold","Diamond Type","1.50ct","Ring Size","EU 52","SOLITAIRE-PRINCESS-RING-WG-150-EU52","0","","continue","manual","1250.00","","true","true","","","","","false","","","","unisex","adult","","new","true","","","","","","","g","","","true","active"
"solitaire-princess-ring","","","","","","","","Metal Color","18K White Gold","Diamond Type","1.50ct","Ring Size","EU 54","SOLITAIRE-PRINCESS-RING-WG-150-EU54","0","","continue","manual","1250.00","","true","true","","","","","false","","","","unisex","adult","","new","true","","","","","","","g","","","true","active"
"solitaire-princess-ring","","","","","","","","Metal Color","18K White Gold","Diamond Type","1.50ct","Ring Size","EU 56","SOLITAIRE-PRINCESS-RING-WG-150-EU56","0","","continue","manual","1250.00","","true","true","","","","","false","","","","unisex","adult","","new","true","","","","","","","g","","","true","active"
"solitaire-princess-ring","","","","","","","","Metal Color","18K White Gold","Diamond Type","1.50ct","Ring Size","EU 58","SOLITAIRE-PRINCESS-RING-WG-150-EU58","0","","continue","manual","1250.00","","true","true","","","","","false","","","","unisex","adult","","new","true","","","","","","","g","","","true","active"
"solitaire-princess-ring","","","","","","","","Metal Color","18K White Gold","Diamond Type","1.50ct","Ring Size","EU 60","SOLITAIRE-PRINCESS-RING-WG-150-EU60","0","","continue","manual","1250.00","","true","true","","","","","false","","","","unisex","adult","","new","true","","","","","","","g","","","true","active"
"solitaire-princess-ring","","","","","","","","Metal Color","18K White Gold","Diamond Type","Natural Diamond","Ring Size","EU 48","SOLITAIRE-PRINCESS-RING-WG-Natural-Diamond-EU48","0","","continue","manual","3000.00","","true","true","","","","","false","","","","unisex","adult","","new","true","","","","","","","g","","","true","active"
"solitaire-princess-ring","","","","","","","","Metal Color","18K White Gold","Diamond Type","Natural Diamond","Ring Size","EU 50","SOLITAIRE-PRINCESS-RING-WG-Natural-Diamond-EU50","0","","continue","manual","3000.00","","true","true","","","","","false","","","","unisex","adult","","new","true","","","","","","","g","","","true","active"
"solitaire-princess-ring","","","","","","","","Metal Color","18K White Gold","Diamond Type","Natural Diamond","Ring Size","EU 52","SOLITAIRE-PRINCESS-RING-WG-Natural-Diamond-EU52","0","","continue","manual","3000.00","","true","true","","","","","false","","","","unisex","adult","","new","true","","","","","","","g","","","true","active"
"solitaire-princess-ring","","","","","","","","Metal Color","18K White Gold","Diamond Type","Natural Diamond","Ring Size","EU 54","SOLITAIRE-PRINCESS-RING-WG-Natural-Diamond-EU54","0","","continue","manual","3000.00","","true","true","","","","","false","","","","unisex","adult","","new","true","","","","","","","g","","","true","active"
"solitaire-princess-ring","","","","","","","","Metal Color","18K White Gold","Diamond Type","Natural Diamond","Ring Size","EU 56","SOLITAIRE-PRINCESS-RING-WG-Natural-Diamond-EU56","0","","continue","manual","3000.00","","true","true","","","","","false","","","","unisex","adult","","new","true","","","","","","","g","","","true","active"
"solitaire-princess-ring","","","","","","","","Metal Color","18K White Gold","Diamond Type","Natural Diamond","Ring Size","EU 58","SOLITAIRE-PRINCESS-RING-WG-Natural-Diamond-EU58","0","","continue","manual","3000.00","","true","true","","","","","false","","","","unisex","adult","","new","true","","","","","","","g","","","true","active"
"solitaire-princess-ring","","","","","","","","Metal Color","18K White Gold","Diamond Type","Natural Diamond","Ring Size","EU 60","SOLITAIRE-PRINCESS-RING-WG-Natural-Diamond-EU60","0","","continue","manual","3000.00","","true","true","","","","","false","","","","unisex","adult","","new","true","","","","","","","g","","","true","active"
"solitaire-princess-ring","","","","","","","","Metal Color","18K Rose Gold","Diamond Type","0.50ct","Ring Size","EU 48","SOLITAIRE-PRINCESS-RING-RG-050-EU48","0","","continue","manual","790.00","","true","true","","","","","false","","","","unisex","adult","","new","true","","","","","","","g","","","true","active"
"solitaire-princess-ring","","","","","","","","Metal Color","18K Rose Gold","Diamond Type","0.50ct","Ring Size","EU 50","SOLITAIRE-PRINCESS-RING-RG-050-EU50","0","","continue","manual","790.00","","true","true","","","","","false","","","","unisex","adult","","new","true","","","","","","","g","","","true","active"
"solitaire-princess-ring","","","","","","","","Metal Color","18K Rose Gold","Diamond Type","0.50ct","Ring Size","EU 52","SOLITAIRE-PRINCESS-RING-RG-050-EU52","0","","continue","manual","790.00","","true","true","","","","","false","","","","unisex","adult","","new","true","","","","","","","g","","","true","active"
"solitaire-princess-ring","","","","","","","","Metal Color","18K Rose Gold","Diamond Type","0.50ct","Ring Size","EU 54","SOLITAIRE-PRINCESS-RING-RG-050-EU54","0","","continue","manual","790.00","","true","true","","","","","false","","","","unisex","adult","","new","true","","","","","","","g","","","true","active"
"solitaire-princess-ring","","","","","","","","Metal Color","18K Rose Gold","Diamond Type","0.50ct","Ring Size","EU 56","SOLITAIRE-PRINCESS-RING-RG-050-EU56","0","","continue","manual","790.00","","true","true","","","","","false","","","","unisex","adult","","new","true","","","","","","","g","","","true","active"
"solitaire-princess-ring","","","","","","","","Metal Color","18K Rose Gold","Diamond Type","0.50ct","Ring Size","EU 58","SOLITAIRE-PRINCESS-RING-RG-050-EU58","0","","continue","manual","790.00","","true","true","","","","","false","","","","unisex","adult","","new","true","","","","","","","g","","","true","active"
"solitaire-princess-ring","","","","","","","","Metal Color","18K Rose Gold","Diamond Type","0.50ct","Ring Size","EU 60","SOLITAIRE-PRINCESS-RING-RG-050-EU60","0","","continue","manual","790.00","","true","true","","","","","false","","","","unisex","adult","","new","true","","","","","","","g","","","true","active"
"solitaire-princess-ring","","","","","","","","Metal Color","18K Rose Gold","Diamond Type","1.00ct","Ring Size","EU 48","SOLITAIRE-PRINCESS-RING-RG-100-EU48","0","","continue","manual","990.00","","true","true","","","","","false","","","","unisex","adult","","new","true","","","","","","","g","","","true","active"
"solitaire-princess-ring","","","","","","","","Metal Color","18K Rose Gold","Diamond Type","1.00ct","Ring Size","EU 50","SOLITAIRE-PRINCESS-RING-RG-100-EU50","0","","continue","manual","990.00","","true","true","","","","","false","","","","unisex","adult","","new","true","","","","","","","g","","","true","active"
"solitaire-princess-ring","","","","","","","","Metal Color","18K Rose Gold","Diamond Type","1.00ct","Ring Size","EU 52","SOLITAIRE-PRINCESS-RING-RG-100-EU52","0","","continue","manual","990.00","","true","true","","","","","false","","","","unisex","adult","","new","true","","","","","","","g","","","true","active"
"solitaire-princess-ring","","","","","","","","Metal Color","18K Rose Gold","Diamond Type","1.00ct","Ring Size","EU 54","SOLITAIRE-PRINCESS-RING-RG-100-EU54","0","","continue","manual","990.00","","true","true","","","","","false","","","","unisex","adult","","new","true","","","","","","","g","","","true","active"
"solitaire-princess-ring","","","","","","","","Metal Color","18K Rose Gold","Diamond Type","1.00ct","Ring Size","EU 56","SOLITAIRE-PRINCESS-RING-RG-100-EU56","0","","continue","manual","990.00","","true","true","","","","","false","","","","unisex","adult","","new","true","","","","","","","g","","","true","active"
"solitaire-princess-ring","","","","","","","","Metal Color","18K Rose Gold","Diamond Type","1.00ct","Ring Size","EU 58","SOLITAIRE-PRINCESS-RING-RG-100-EU58","0","","continue","manual","990.00","","true","true","","","","","false","","","","unisex","adult","","new","true","","","","","","","g","","","true","active"
"solitaire-princess-ring","","","","","","","","Metal Color","18K Rose Gold","Diamond Type","1.00ct","Ring Size","EU 60","SOLITAIRE-PRINCESS-RING-RG-100-EU60","0","","continue","manual","990.00","","true","true","","","","","false","","","","unisex","adult","","new","true","","","","","","","g","","","true","active"
"solitaire-princess-ring","","","","","","","","Metal Color","18K Rose Gold","Diamond Type","1.50ct","Ring Size","EU 48","SOLITAIRE-PRINCESS-RING-RG-150-EU48","0","","continue","manual","1250.00","","true","true","","","","","false","","","","unisex","adult","","new","true","","","","","","","g","","","true","active"
"solitaire-princess-ring","","","","","","","","Metal Color","18K Rose Gold","Diamond Type","1.50ct","Ring Size","EU 50","SOLITAIRE-PRINCESS-RING-RG-150-EU50","0","","continue","manual","1250.00","","true","true","","","","","false","","","","unisex","adult","","new","true","","","","","","","g","","","true","active"
"solitaire-princess-ring","","","","","","","","Metal Color","18K Rose Gold","Diamond Type","1.50ct","Ring Size","EU 52","SOLITAIRE-PRINCESS-RING-RG-150-EU52","0","","continue","manual","1250.00","","true","true","","","","","false","","","","unisex","adult","","new","true","","","","","","","g","","","true","active"
"solitaire-princess-ring","","","","","","","","Metal Color","18K Rose Gold","Diamond Type","1.50ct","Ring Size","EU 54","SOLITAIRE-PRINCESS-RING-RG-150-EU54","0","","continue","manual","1250.00","","true","true","","","","","false","","","","unisex","adult","","new","true","","","","","","","g","","","true","active"
"solitaire-princess-ring","","","","","","","","Metal Color","18K Rose Gold","Diamond Type","1.50ct","Ring Size","EU 56","SOLITAIRE-PRINCESS-RING-RG-150-EU56","0","","continue","manual","1250.00","","true","true","","","","","false","","","","unisex","adult","","new","true","","","","","","","g","","","true","active"
"solitaire-princess-ring","","","","","","","","Metal Color","18K Rose Gold","Diamond Type","1.50ct","Ring Size","EU 58","SOLITAIRE-PRINCESS-RING-RG-150-EU58","0","","continue","manual","1250.00","","true","true","","","","","false","","","","unisex","adult","","new","true","","","","","","","g","","","true","active"
"solitaire-princess-ring","","","","","","","","Metal Color","18K Rose Gold","Diamond Type","1.50ct","Ring Size","EU 60","SOLITAIRE-PRINCESS-RING-RG-150-EU60","0","","continue","manual","1250.00","","true","true","","","","","false","","","","unisex","adult","","new","true","","","","","","","g","","","true","active"
"solitaire-princess-ring","","","","","","","","Metal Color","18K Rose Gold","Diamond Type","Natural Diamond","Ring Size","EU 48","SOLITAIRE-PRINCESS-RING-RG-Natural-Diamond-EU48","0","","continue","manual","3000.00","","true","true","","","","","false","","","","unisex","adult","","new","true","","","","","","","g","","","true","active"
"solitaire-princess-ring","","","","","","","","Metal Color","18K Rose Gold","Diamond Type","Natural Diamond","Ring Size","EU 50","SOLITAIRE-PRINCESS-RING-RG-Natural-Diamond-EU50","0","","continue","manual","3000.00","","true","true","","","","","false","","","","unisex","adult","","new","true","","","","","","","g","","","true","active"
"solitaire-princess-ring","","","","","","","","Metal Color","18K Rose Gold","Diamond Type","Natural Diamond","Ring Size","EU 52","SOLITAIRE-PRINCESS-RING-RG-Natural-Diamond-EU52","0","","continue","manual","3000.00","","true","true","","","","","false","","","","unisex","adult","","new","true","","","","","","","g","","","true","active"
"solitaire-princess-ring","","","","","","","","Metal Color","18K Rose Gold","Diamond Type","Natural Diamond","Ring Size","EU 54","SOLITAIRE-PRINCESS-RING-RG-Natural-Diamond-EU54","0","","continue","manual","3000.00","","true","true","","","","","false","","","","unisex","adult","","new","true","","","","","","","g","","","true","active"
"solitaire-princess-ring","","","","","","","","Metal Color","18K Rose Gold","Diamond Type","Natural Diamond","Ring Size","EU 56","SOLITAIRE-PRINCESS-RING-RG-Natural-Diamond-EU56","0","","continue","manual","3000.00","","true","true","","","","","false","","","","unisex","adult","","new","true","","","","","","","g","","","true","active"
"solitaire-princess-ring","","","","","","","","Metal Color","18K Rose Gold","Diamond Type","Natural Diamond","Ring Size","EU 58","SOLITAIRE-PRINCESS-RING-RG-Natural-Diamond-EU58","0","","continue","manual","3000.00","","true","true","","","","","false","","","","unisex","adult","","new","true","","","","","","","g","","","true","active"
"solitaire-princess-ring","","","","","","","","Metal Color","18K Rose Gold","Diamond Type","Natural Diamond","Ring Size","EU 60","SOLITAIRE-PRINCESS-RING-RG-Natural-Diamond-EU60","0","","continue","manual","3000.00","","true","true","","","","","false","","","","unisex","adult","","new","true","","","","","","","g","","","true","active"
"solitaire-round-ring","Solitaire Ring with Round Diamond","<p>Classic timeless solitaire ring with round brilliant diamond</p>","Diamonds by CS","Jewelry & Watches > Jewelry > Rings","Engagement Ring","engagement-ring, solitaire, round, lab-grown-diamond","true","Metal Color","18K Yellow Gold","Diamond Type","0.50ct","Ring Size","EU 48","SOLITAIRE-ROUND-RING-YG-050-EU48","0","","continue","manual","790.00","","true","true","","","","","false","","","","unisex","adult","","new","true","","","","","","","g","","","true","active"
"solitaire-round-ring","","","","","","","","Metal Color","18K Yellow Gold","Diamond Type","0.50ct","Ring Size","EU 50","SOLITAIRE-ROUND-RING-YG-050-EU50","0","","continue","manual","790.00","","true","true","","","","","false","","","","unisex","adult","","new","true","","","","","","","g","","","true","active"
"solitaire-round-ring","","","","","","","","Metal Color","18K Yellow Gold","Diamond Type","0.50ct","Ring Size","EU 52","SOLITAIRE-ROUND-RING-YG-050-EU52","0","","continue","manual","790.00","","true","true","","","","","false","","","","unisex","adult","","new","true","","","","","","","g","","","true","active"
"solitaire-round-ring","","","","","","","","Metal Color","18K Yellow Gold","Diamond Type","0.50ct","Ring Size","EU 54","SOLITAIRE-ROUND-RING-YG-050-EU54","0","","continue","manual","790.00","","true","true","","","","","false","","","","unisex","adult","","new","true","","","","","","","g","","","true","active"
"solitaire-round-ring","","","","","","","","Metal Color","18K Yellow Gold","Diamond Type","0.50ct","Ring Size","EU 56","SOLITAIRE-ROUND-RING-YG-050-EU56","0","","continue","manual","790.00","","true","true","","","","","false","","","","unisex","adult","","new","true","","","","","","","g","","","true","active"
"solitaire-round-ring","","","","","","","","Metal Color","18K Yellow Gold","Diamond Type","0.50ct","Ring Size","EU 58","SOLITAIRE-ROUND-RING-YG-050-EU58","0","","continue","manual","790.00","","true","true","","","","","false","","","","unisex","adult","","new","true","","","","","","","g","","","true","active"
"solitaire-round-ring","","","","","","","","Metal Color","18K Yellow Gold","Diamond Type","0.50ct","Ring Size","EU 60","SOLITAIRE-ROUND-RING-YG-050-EU60","0","","continue","manual","790.00","","true","true","","","","","false","","","","unisex","adult","","new","true","","","","","","","g","","","true","active"
"solitaire-round-ring","","","","","","","","Metal Color","18K Yellow Gold","Diamond Type","1.00ct","Ring Size","EU 48","SOLITAIRE-ROUND-RING-YG-100-EU48","0","","continue","manual","990.00","","true","true","","","","","false","","","","unisex","adult","","new","true","","","","","","","g","","","true","active"
"solitaire-round-ring","","","","","","","","Metal Color","18K Yellow Gold","Diamond Type","1.00ct","Ring Size","EU 50","SOLITAIRE-ROUND-RING-YG-100-EU50","0","","continue","manual","990.00","","true","true","","","","","false","","","","unisex","adult","","new","true","","","","","","","g","","","true","active"
"solitaire-round-ring","","","","","","","","Metal Color","18K Yellow Gold","Diamond Type","1.00ct","Ring Size","EU 52","SOLITAIRE-ROUND-RING-YG-100-EU52","0","","continue","manual","990.00","","true","true","","","","","false","","","","unisex","adult","","new","true","","","","","","","g","","","true","active"
"solitaire-round-ring","","","","","","","","Metal Color","18K Yellow Gold","Diamond Type","1.00ct","Ring Size","EU 54","SOLITAIRE-ROUND-RING-YG-100-EU54","0","","continue","manual","990.00","","true","true","","","","","false","","","","unisex","adult","","new","true","","","","","","","g","","","true","active"
"solitaire-round-ring","","","","","","","","Metal Color","18K Yellow Gold","Diamond Type","1.00ct","Ring Size","EU 56","SOLITAIRE-ROUND-RING-YG-100-EU56","0","","continue","manual","990.00","","true","true","","","","","false","","","","unisex","adult","","new","true","","","","","","","g","","","true","active"
"solitaire-round-ring","","","","","","","","Metal Color","18K Yellow Gold","Diamond Type","1.00ct","Ring Size","EU 58","SOLITAIRE-ROUND-RING-YG-100-EU58","0","","continue","manual","990.00","","true","true","","","","","false","","","","unisex","adult","","new","true","","","","","","","g","","","true","active"
"solitaire-round-ring","","","","","","","","Metal Color","18K Yellow Gold","Diamond Type","1.00ct","Ring Size","EU 60","SOLITAIRE-ROUND-RING-YG-100-EU60","0","","continue","manual","990.00","","true","true","","","","","false","","","","unisex","adult","","new","true","","","","","","","g","","","true","active"
"solitaire-round-ring","","","","","","","","Metal Color","18K Yellow Gold","Diamond Type","1.50ct","Ring Size","EU 48","SOLITAIRE-ROUND-RING-YG-150-EU48","0","","continue","manual","1250.00","","true","true","","","","","false","","","","unisex","adult","","new","true","","","","","","","g","","","true","active"
"solitaire-round-ring","","","","","","","","Metal Color","18K Yellow Gold","Diamond Type","1.50ct","Ring Size","EU 50","SOLITAIRE-ROUND-RING-YG-150-EU50","0","","continue","manual","1250.00","","true","true","","","","","false","","","","unisex","adult","","new","true","","","","","","","g","","","true","active"
"solitaire-round-ring","","","","","","","","Metal Color","18K Yellow Gold","Diamond Type","1.50ct","Ring Size","EU 52","SOLITAIRE-ROUND-RING-YG-150-EU52","0","","continue","manual","1250.00","","true","true","","","","","false","","","","unisex","adult","","new","true","","","","","","","g","","","true","active"
"solitaire-round-ring","","","","","","","","Metal Color","18K Yellow Gold","Diamond Type","1.50ct","Ring Size","EU 54","SOLITAIRE-ROUND-RING-YG-150-EU54","0","","continue","manual","1250.00","","true","true","","","","","false","","","","unisex","adult","","new","true","","","","","","","g","","","true","active"
"solitaire-round-ring","","","","","","","","Metal Color","18K Yellow Gold","Diamond Type","1.50ct","Ring Size","EU 56","SOLITAIRE-ROUND-RING-YG-150-EU56","0","","continue","manual","1250.00","","true","true","","","","","false","","","","unisex","adult","","new","true","","","","","","","g","","","true","active"
"solitaire-round-ring","","","","","","","","Metal Color","18K Yellow Gold","Diamond Type","1.50ct","Ring Size","EU 58","SOLITAIRE-ROUND-RING-YG-150-EU58","0","","continue","manual","1250.00","","true","true","","","","","false","","","","unisex","adult","","new","true","","","","","","","g","","","true","active"
"solitaire-round-ring","","","","","","","","Metal Color","18K Yellow Gold","Diamond Type","1.50ct","Ring Size","EU 60","SOLITAIRE-ROUND-RING-YG-150-EU60","0","","continue","manual","1250.00","","true","true","","","","","false","","","","unisex","adult","","new","true","","","","","","","g","","","true","active"
"solitaire-round-ring","","","","","","","","Metal Color","18K Yellow Gold","Diamond Type","Natural Diamond","Ring Size","EU 48","SOLITAIRE-ROUND-RING-YG-Natural-Diamond-EU48","0","","continue","manual","3000.00","","true","true","","","","","false","","","","unisex","adult","","new","true","","","","","","","g","","","true","active"
"solitaire-round-ring","","","","","","","","Metal Color","18K Yellow Gold","Diamond Type","Natural Diamond","Ring Size","EU 50","SOLITAIRE-ROUND-RING-YG-Natural-Diamond-EU50","0","","continue","manual","3000.00","","true","true","","","","","false","","","","unisex","adult","","new","true","","","","","","","g","","","true","active"
"solitaire-round-ring","","","","","","","","Metal Color","18K Yellow Gold","Diamond Type","Natural Diamond","Ring Size","EU 52","SOLITAIRE-ROUND-RING-YG-Natural-Diamond-EU52","0","","continue","manual","3000.00","","true","true","","","","","false","","","","unisex","adult","","new","true","","","","","","","g","","","true","active"
"solitaire-round-ring","","","","","","","","Metal Color","18K Yellow Gold","Diamond Type","Natural Diamond","Ring Size","EU 54","SOLITAIRE-ROUND-RING-YG-Natural-Diamond-EU54","0","","continue","manual","3000.00","","true","true","","","","","false","","","","unisex","adult","","new","true","","","","","","","g","","","true","active"
"solitaire-round-ring","","","","","","","","Metal Color","18K Yellow Gold","Diamond Type","Natural Diamond","Ring Size","EU 56","SOLITAIRE-ROUND-RING-YG-Natural-Diamond-EU56","0","","continue","manual","3000.00","","true","true","","","","","false","","","","unisex","adult","","new","true","","","","","","","g","","","true","active"
"solitaire-round-ring","","","","","","","","Metal Color","18K Yellow Gold","Diamond Type","Natural Diamond","Ring Size","EU 58","SOLITAIRE-ROUND-RING-YG-Natural-Diamond-EU58","0","","continue","manual","3000.00","","true","true","","","","","false","","","","unisex","adult","","new","true","","","","","","","g","","","true","active"
"solitaire-round-ring","","","","","","","","Metal Color","18K Yellow Gold","Diamond Type","Natural Diamond","Ring Size","EU 60","SOLITAIRE-ROUND-RING-YG-Natural-Diamond-EU60","0","","continue","manual","3000.00","","true","true","","","","","false","","","","unisex","adult","","new","true","","","","","","","g","","","true","active"
"solitaire-round-ring","","","","","","","","Metal Color","18K White Gold","Diamond Type","0.50ct","Ring Size","EU 48","SOLITAIRE-ROUND-RING-WG-050-EU48","0","","continue","manual","790.00","","true","true","","","","","false","","","","unisex","adult","","new","true","","","","","","","g","","","true","active"
"solitaire-round-ring","","","","","","","","Metal Color","18K White Gold","Diamond Type","0.50ct","Ring Size","EU 50","SOLITAIRE-ROUND-RING-WG-050-EU50","0","","continue","manual","790.00","","true","true","","","","","false","","","","unisex","adult","","new","true","","","","","","","g","","","true","active"
"solitaire-round-ring","","","","","","","","Metal Color","18K White Gold","Diamond Type","0.50ct","Ring Size","EU 52","SOLITAIRE-ROUND-RING-WG-050-EU52","0","","continue","manual","790.00","","true","true","","","","","false","","","","unisex","adult","","new","true","","","","","","","g","","","true","active"
"solitaire-round-ring","","","","","","","","Metal Color","18K White Gold","Diamond Type","0.50ct","Ring Size","EU 54","SOLITAIRE-ROUND-RING-WG-050-EU54","0","","continue","manual","790.00","","true","true","","","","","false","","","","unisex","adult","","new","true","","","","","","","g","","","true","active"
"solitaire-round-ring","","","","","","","","Metal Color","18K White Gold","Diamond Type","0.50ct","Ring Size","EU 56","SOLITAIRE-ROUND-RING-WG-050-EU56","0","","continue","manual","790.00","","true","true","","","","","false","","","","unisex","adult","","new","true","","","","","","","g","","","true","active"
"solitaire-round-ring","","","","","","","","Metal Color","18K White Gold","Diamond Type","0.50ct","Ring Size","EU 58","SOLITAIRE-ROUND-RING-WG-050-EU58","0","","continue","manual","790.00","","true","true","","","","","false","","","","unisex","adult","","new","true","","","","","","","g","","","true","active"
"solitaire-round-ring","","","","","","","","Metal Color","18K White Gold","Diamond Type","0.50ct","Ring Size","EU 60","SOLITAIRE-ROUND-RING-WG-050-EU60","0","","continue","manual","790.00","","true","true","","","","","false","","","","unisex","adult","","new","true","","","","","","","g","","","true","active"
"solitaire-round-ring","","","","","","","","Metal Color","18K White Gold","Diamond Type","1.00ct","Ring Size","EU 48","SOLITAIRE-ROUND-RING-WG-100-EU48","0","","continue","manual","990.00","","true","true","","","","","false","","","","unisex","adult","","new","true","","","","","","","g","","","true","active"
"solitaire-round-ring","","","","","","","","Metal Color","18K White Gold","Diamond Type","1.00ct","Ring Size","EU 50","SOLITAIRE-ROUND-RING-WG-100-EU50","0","","continue","manual","990.00","","true","true","","","","","false","","","","unisex","adult","","new","true","","","","","","","g","","","true","active"
"solitaire-round-ring","","","","","","","","Metal Color","18K White Gold","Diamond Type","1.00ct","Ring Size","EU 52","SOLITAIRE-ROUND-RING-WG-100-EU52","0","","continue","manual","990.00","","true","true","","","","","false","","","","unisex","adult","","new","true","","","","","","","g","","","true","active"
"solitaire-round-ring","","","","","","","","Metal Color","18K White Gold","Diamond Type","1.00ct","Ring Size","EU 54","SOLITAIRE-ROUND-RING-WG-100-EU54","0","","continue","manual","990.00","","true","true","","","","","false","","","","unisex","adult","","new","true","","","","","","","g","","","true","active"
"solitaire-round-ring","","","","","","","","Metal Color","18K White Gold","Diamond Type","1.00ct","Ring Size","EU 56","SOLITAIRE-ROUND-RING-WG-100-EU56","0","","continue","manual","990.00","","true","true","","","","","false","","","","unisex","adult","","new","true","","","","","","","g","","","true","active"
"solitaire-round-ring","","","","","","","","Metal Color","18K White Gold","Diamond Type","1.00ct","Ring Size","EU 58","SOLITAIRE-ROUND-RING-WG-100-EU58","0","","continue","manual","990.00","","true","true","","","","","false","","","","unisex","adult","","new","true","","","","","","","g","","","true","active"
"solitaire-round-ring","","","","","","","","Metal Color","18K White Gold","Diamond Type","1.00ct","Ring Size","EU 60","SOLITAIRE-ROUND-RING-WG-100-EU60","0","","continue","manual","990.00","","true","true","","","","","false","","","","unisex","adult","","new","true","","","","","","","g","","","true","active"
"solitaire-round-ring","","","","","","","","Metal Color","18K White Gold","Diamond Type","1.50ct","Ring Size","EU 48","SOLITAIRE-ROUND-RING-WG-150-EU48","0","","continue","manual","1250.00","","true","true","","","","","false","","","","unisex","adult","","new","true","","","","","","","g","","","true","active"
"solitaire-round-ring","","","","","","","","Metal Color","18K White Gold","Diamond Type","1.50ct","Ring Size","EU 50","SOLITAIRE-ROUND-RING-WG-150-EU50","0","","continue","manual","1250.00","","true","true","","","","","false","","","","unisex","adult","","new","true","","","","","","","g","","","true","active"
"solitaire-round-ring","","","","","","","","Metal Color","18K White Gold","Diamond Type","1.50ct","Ring Size","EU 52","SOLITAIRE-ROUND-RING-WG-150-EU52","0","","continue","manual","1250.00","","true","true","","","","","false","","","","unisex","adult","","new","true","","","","","","","g","","","true","active"
"solitaire-round-ring","","","","","","","","Metal Color","18K White Gold","Diamond Type","1.50ct","Ring Size","EU 54","SOLITAIRE-ROUND-RING-WG-150-EU54","0","","continue","manual","1250.00","","true","true","","","","","false","","","","unisex","adult","","new","true","","","","","","","g","","","true","active"
"solitaire-round-ring","","","","","","","","Metal Color","18K White Gold","Diamond Type","1.50ct","Ring Size","EU 56","SOLITAIRE-ROUND-RING-WG-150-EU56","0","","continue","manual","1250.00","","true","true","","","","","false","","","","unisex","adult","","new","true","","","","","","","g","","","true","active"
"solitaire-round-ring","","","","","","","","Metal Color","18K White Gold","Diamond Type","1.50ct","Ring Size","EU 58","SOLITAIRE-ROUND-RING-WG-150-EU58","0","","continue","manual","1250.00","","true","true","","","","","false","","","","unisex","adult","","new","true","","","","","","","g","","","true","active"
"solitaire-round-ring","","","","","","","","Metal Color","18K White Gold","Diamond Type","1.50ct","Ring Size","EU 60","SOLITAIRE-ROUND-RING-WG-150-EU60","0","","continue","manual","1250.00","","true","true","","","","","false","","","","unisex","adult","","new","true","","","","","","","g","","","true","active"
"solitaire-round-ring","","","","","","","","Metal Color","18K White Gold","Diamond Type","Natural Diamond","Ring Size","EU 48","SOLITAIRE-ROUND-RING-WG-Natural-Diamond-EU48","0","","continue","manual","3000.00","","true","true","","","","","false","","","","unisex","adult","","new","true","","","","","","","g","","","true","active"
"solitaire-round-ring","","","","","","","","Metal Color","18K White Gold","Diamond Type","Natural Diamond","Ring Size","EU 50","SOLITAIRE-ROUND-RING-WG-Natural-Diamond-EU50","0","","continue","manual","3000.00","","true","true","","","","","false","","","","unisex","adult","","new","true","","","","","","","g","","","true","active"
"solitaire-round-ring","","","","","","","","Metal Color","18K White Gold","Diamond Type","Natural Diamond","Ring Size","EU 52","SOLITAIRE-ROUND-RING-WG-Natural-Diamond-EU52","0","","continue","manual","3000.00","","true","true","","","","","false","","","","unisex","adult","","new","true","","","","","","","g","","","true","active"
"solitaire-round-ring","","","","","","","","Metal Color","18K White Gold","Diamond Type","Natural Diamond","Ring Size","EU 54","SOLITAIRE-ROUND-RING-WG-Natural-Diamond-EU54","0","","continue","manual","3000.00","","true","true","","","","","false","","","","unisex","adult","","new","true","","","","","","","g","","","true","active"
"solitaire-round-ring","","","","","","","","Metal Color","18K White Gold","Diamond Type","Natural Diamond","Ring Size","EU 56","SOLITAIRE-ROUND-RING-WG-Natural-Diamond-EU56","0","","continue","manual","3000.00","","true","true","","","","","false","","","","unisex","adult","","new","true","","","","","","","g","","","true","active"
"solitaire-round-ring","","","","","","","","Metal Color","18K White Gold","Diamond Type","Natural Diamond","Ring Size","EU 58","SOLITAIRE-ROUND-RING-WG-Natural-Diamond-EU58","0","","continue","manual","3000.00","","true","true","","","","","false","","","","unisex","adult","","new","true","","","","","","","g","","","true","active"
"solitaire-round-ring","","","","","","","","Metal Color","18K White Gold","Diamond Type","Natural Diamond","Ring Size","EU 60","SOLITAIRE-ROUND-RING-WG-Natural-Diamond-EU60","0","","continue","manual","3000.00","","true","true","","","","","false","","","","unisex","adult","","new","true","","","","","","","g","","","true","active"
"solitaire-round-ring","","","","","","","","Metal Color","18K Rose Gold","Diamond Type","0.50ct","Ring Size","EU 48","SOLITAIRE-ROUND-RING-RG-050-EU48","0","","continue","manual","790.00","","true","true","","","","","false","","","","unisex","adult","","new","true","","","","","","","g","","","true","active"
"solitaire-round-ring","","","","","","","","Metal Color","18K Rose Gold","Diamond Type","0.50ct","Ring Size","EU 50","SOLITAIRE-ROUND-RING-RG-050-EU50","0","","continue","manual","790.00","","true","true","","","","","false","","","","unisex","adult","","new","true","","","","","","","g","","","true","active"
"solitaire-round-ring","","","","","","","","Metal Color","18K Rose Gold","Diamond Type","0.50ct","Ring Size","EU 52","SOLITAIRE-ROUND-RING-RG-050-EU52","0","","continue","manual","790.00","","true","true","","","","","false","","","","unisex","adult","","new","true","","","","","","","g","","","true","active"
"solitaire-round-ring","","","","","","","","Metal Color","18K Rose Gold","Diamond Type","0.50ct","Ring Size","EU 54","SOLITAIRE-ROUND-RING-RG-050-EU54","0","","continue","manual","790.00","","true","true","","","","","false","","","","unisex","adult","","new","true","","","","","","","g","","","true","active"
"solitaire-round-ring","","","","","","","","Metal Color","18K Rose Gold","Diamond Type","0.50ct","Ring Size","EU 56","SOLITAIRE-ROUND-RING-RG-050-EU56","0","","continue","manual","790.00","","true","true","","","","","false","","","","unisex","adult","","new","true","","","","","","","g","","","true","active"
"solitaire-round-ring","","","","","","","","Metal Color","18K Rose Gold","Diamond Type","0.50ct","Ring Size","EU 58","SOLITAIRE-ROUND-RING-RG-050-EU58","0","","continue","manual","790.00","","true","true","","","","","false","","","","unisex","adult","","new","true","","","","","","","g","","","true","active"
"solitaire-round-ring","","","","","","","","Metal Color","18K Rose Gold","Diamond Type","0.50ct","Ring Size","EU 60","SOLITAIRE-ROUND-RING-RG-050-EU60","0","","continue","manual","790.00","","true","true","","","","","false","","","","unisex","adult","","new","true","","","","","","","g","","","true","active"
"solitaire-round-ring","","","","","","","","Metal Color","18K Rose Gold","Diamond Type","1.00ct","Ring Size","EU 48","SOLITAIRE-ROUND-RING-RG-100-EU48","0","","continue","manual","990.00","","true","true","","","","","false","","","","unisex","adult","","new","true","","","","","","","g","","","true","active"
"solitaire-round-ring","","","","","","","","Metal Color","18K Rose Gold","Diamond Type","1.00ct","Ring Size","EU 50","SOLITAIRE-ROUND-RING-RG-100-EU50","0","","continue","manual","990.00","","true","true","","","","","false","","","","unisex","adult","","new","true","","","","","","","g","","","true","active"
"solitaire-round-ring","","","","","","","","Metal Color","18K Rose Gold","Diamond Type","1.00ct","Ring Size","EU 52","SOLITAIRE-ROUND-RING-RG-100-EU52","0","","continue","manual","990.00","","true","true","","","","","false","","","","unisex","adult","","new","true","","","","","","","g","","","true","active"
"solitaire-round-ring","","","","","","","","Metal Color","18K Rose Gold","Diamond Type","1.00ct","Ring Size","EU 54","SOLITAIRE-ROUND-RING-RG-100-EU54","0","","continue","manual","990.00","","true","true","","","","","false","","","","unisex","adult","","new","true","","","","","","","g","","","true","active"
"solitaire-round-ring","","","","","","","","Metal Color","18K Rose Gold","Diamond Type","1.00ct","Ring Size","EU 56","SOLITAIRE-ROUND-RING-RG-100-EU56","0","","continue","manual","990.00","","true","true","","","","","false","","","","unisex","adult","","new","true","","","","","","","g","","","true","active"
"solitaire-round-ring","","","","","","","","Metal Color","18K Rose Gold","Diamond Type","1.00ct","Ring Size","EU 58","SOLITAIRE-ROUND-RING-RG-100-EU58","0","","continue","manual","990.00","","true","true","","","","","false","","","","unisex","adult","","new","true","","","","","","","g","","","true","active"
"solitaire-round-ring","","","","","","","","Metal Color","18K Rose Gold","Diamond Type","1.00ct","Ring Size","EU 60","SOLITAIRE-ROUND-RING-RG-100-EU60","0","","continue","manual","990.00","","true","true","","","","","false","","","","unisex","adult","","new","true","","","","","","","g","","","true","active"
"solitaire-round-ring","","","","","","","","Metal Color","18K Rose Gold","Diamond Type","1.50ct","Ring Size","EU 48","SOLITAIRE-ROUND-RING-RG-150-EU48","0","","continue","manual","1250.00","","true","true","","","","","false","","","","unisex","adult","","new","true","","","","","","","g","","","true","active"
"solitaire-round-ring","","","","","","","","Metal Color","18K Rose Gold","Diamond Type","1.50ct","Ring Size","EU 50","SOLITAIRE-ROUND-RING-RG-150-EU50","0","","continue","manual","1250.00","","true","true","","","","","false","","","","unisex","adult","","new","true","","","","","","","g","","","true","active"
"solitaire-round-ring","","","","","","","","Metal Color","18K Rose Gold","Diamond Type","1.50ct","Ring Size","EU 52","SOLITAIRE-ROUND-RING-RG-150-EU52","0","","continue","manual","1250.00","","true","true","","","","","false","","","","unisex","adult","","new","true","","","","","","","g","","","true","active"
"solitaire-round-ring","","","","","","","","Metal Color","18K Rose Gold","Diamond Type","1.50ct","Ring Size","EU 54","SOLITAIRE-ROUND-RING-RG-150-EU54","0","","continue","manual","1250.00","","true","true","","","","","false","","","","unisex","adult","","new","true","","","","","","","g","","","true","active"
"solitaire-round-ring","","","","","","","","Metal Color","18K Rose Gold","Diamond Type","1.50ct","Ring Size","EU 56","SOLITAIRE-ROUND-RING-RG-150-EU56","0","","continue","manual","1250.00","","true","true","","","","","false","","","","unisex","adult","","new","true","","","","","","","g","","","true","active"
"solitaire-round-ring","","","","","","","","Metal Color","18K Rose Gold","Diamond Type","1.50ct","Ring Size","EU 58","SOLITAIRE-ROUND-RING-RG-150-EU58","0","","continue","manual","1250.00","","true","true","","","","","false","","","","unisex","adult","","new","true","","","","","","","g","","","true","active"
"solitaire-round-ring","","","","","","","","Metal Color","18K Rose Gold","Diamond Type","1.50ct","Ring Size","EU 60","SOLITAIRE-ROUND-RING-RG-150-EU60","0","","continue","manual","1250.00","","true","true","","","","","false","","","","unisex","adult","","new","true","","","","","","","g","","","true","active"
"solitaire-round-ring","","","","","","","","Metal Color","18K Rose Gold","Diamond Type","Natural Diamond","Ring Size","EU 48","SOLITAIRE-ROUND-RING-RG-Natural-Diamond-EU48","0","","continue","manual","3000.00","","true","true","","","","","false","","","","unisex","adult","","new","true","","","","","","","g","","","true","active"
"solitaire-round-ring","","","","","","","","Metal Color","18K Rose Gold","Diamond Type","Natural Diamond","Ring Size","EU 50","SOLITAIRE-ROUND-RING-RG-Natural-Diamond-EU50","0","","continue","manual","3000.00","","true","true","","","","","false","","","","unisex","adult","","new","true","","","","","","","g","","","true","active"
"solitaire-round-ring","","","","","","","","Metal Color","18K Rose Gold","Diamond Type","Natural Diamond","Ring Size","EU 52","SOLITAIRE-ROUND-RING-RG-Natural-Diamond-EU52","0","","continue","manual","3000.00","","true","true","","","","","false","","","","unisex","adult","","new","true","","","","","","","g","","","true","active"
"solitaire-round-ring","","","","","","","","Metal Color","18K Rose Gold","Diamond Type","Natural Diamond","Ring Size","EU 54","SOLITAIRE-ROUND-RING-RG-Natural-Diamond-EU54","0","","continue","manual","3000.00","","true","true","","","","","false","","","","unisex","adult","","new","true","","","","","","","g","","","true","active"
"solitaire-round-ring","","","","","","","","Metal Color","18K Rose Gold","Diamond Type","Natural Diamond","Ring Size","EU 56","SOLITAIRE-ROUND-RING-RG-Natural-Diamond-EU56","0","","continue","manual","3000.00","","true","true","","","","","false","","","","unisex","adult","","new","true","","","","","","","g","","","true","active"
"solitaire-round-ring","","","","","","","","Metal Color","18K Rose Gold","Diamond Type","Natural Diamond","Ring Size","EU 58","SOLITAIRE-ROUND-RING-RG-Natural-Diamond-EU58","0","","continue","manual","3000.00","","true","true","","","","","false","","","","unisex","adult","","new","true","","","","","","","g","","","true","active"
"solitaire-round-ring","","","","","","","","Metal Color","18K Rose Gold","Diamond Type","Natural Diamond","Ring Size","EU 60","SOLITAIRE-ROUND-RING-RG-Natural-Diamond-EU60","0","","continue","manual","3000.00","","true","true","","","","","false","","","","unisex","adult","","new","true","","","","","","","g","","","true","active"
"solitaire-oval-ring","Solitaire Ring with Oval Diamond","<p>Classic timeless solitaire ring with oval diamond</p>","Diamonds by CS","Jewelry & Watches > Jewelry > Rings","Engagement Ring","engagement-ring, solitaire, oval, lab-grown-diamond","true","Metal Color","18K Yellow Gold","Diamond Type","0.50ct","Ring Size","EU 48","SOLITAIRE-OVAL-RING-YG-050-EU48","0","","continue","manual","790.00","","true","true","","","","","false","","","","unisex","adult","","new","true","","","","","","","g","","","true","active"
"solitaire-oval-ring","","","","","","","","Metal Color","18K Yellow Gold","Diamond Type","0.50ct","Ring Size","EU 50","SOLITAIRE-OVAL-RING-YG-050-EU50","0","","continue","manual","790.00","","true","true","","","","","false","","","","unisex","adult","","new","true","","","","","","","g","","","true","active"
"solitaire-oval-ring","","","","","","","","Metal Color","18K Yellow Gold","Diamond Type","0.50ct","Ring Size","EU 52","SOLITAIRE-OVAL-RING-YG-050-EU52","0","","continue","manual","790.00","","true","true","","","","","false","","","","unisex","adult","","new","true","","","","","","","g","","","true","active"
"solitaire-oval-ring","","","","","","","","Metal Color","18K Yellow Gold","Diamond Type","0.50ct","Ring Size","EU 54","SOLITAIRE-OVAL-RING-YG-050-EU54","0","","continue","manual","790.00","","true","true","","","","","false","","","","unisex","adult","","new","true","","","","","","","g","","","true","active"
"solitaire-oval-ring","","","","","","","","Metal Color","18K Yellow Gold","Diamond Type","0.50ct","Ring Size","EU 56","SOLITAIRE-OVAL-RING-YG-050-EU56","0","","continue","manual","790.00","","true","true","","","","","false","","","","unisex","adult","","new","true","","","","","","","g","","","true","active"
"solitaire-oval-ring","","","","","","","","Metal Color","18K Yellow Gold","Diamond Type","0.50ct","Ring Size","EU 58","SOLITAIRE-OVAL-RING-YG-050-EU58","0","","continue","manual","790.00","","true","true","","","","","false","","","","unisex","adult","","new","true","","","","","","","g","","","true","active"
"solitaire-oval-ring","","","","","","","","Metal Color","18K Yellow Gold","Diamond Type","0.50ct","Ring Size","EU 60","SOLITAIRE-OVAL-RING-YG-050-EU60","0","","continue","manual","790.00","","true","true","","","","","false","","","","unisex","adult","","new","true","","","","","","","g","","","true","active"
"solitaire-oval-ring","","","","","","","","Metal Color","18K Yellow Gold","Diamond Type","1.00ct","Ring Size","EU 48","SOLITAIRE-OVAL-RING-YG-100-EU48","0","","continue","manual","990.00","","true","true","","","","","false","","","","unisex","adult","","new","true","","","","","","","g","","","true","active"
"solitaire-oval-ring","","","","","","","","Metal Color","18K Yellow Gold","Diamond Type","1.00ct","Ring Size","EU 50","SOLITAIRE-OVAL-RING-YG-100-EU50","0","","continue","manual","990.00","","true","true","","","","","false","","","","unisex","adult","","new","true","","","","","","","g","","","true","active"
"solitaire-oval-ring","","","","","","","","Metal Color","18K Yellow Gold","Diamond Type","1.00ct","Ring Size","EU 52","SOLITAIRE-OVAL-RING-YG-100-EU52","0","","continue","manual","990.00","","true","true","","","","","false","","","","unisex","adult","","new","true","","","","","","","g","","","true","active"
"solitaire-oval-ring","","","","","","","","Metal Color","18K Yellow Gold","Diamond Type","1.00ct","Ring Size","EU 54","SOLITAIRE-OVAL-RING-YG-100-EU54","0","","continue","manual","990.00","","true","true","","","","","false","","","","unisex","adult","","new","true","","","","","","","g","","","true","active"
"solitaire-oval-ring","","","","","","","","Metal Color","18K Yellow Gold","Diamond Type","1.00ct","Ring Size","EU 56","SOLITAIRE-OVAL-RING-YG-100-EU56","0","","continue","manual","990.00","","true","true","","","","","false","","","","unisex","adult","","new","true","","","","","","","g","","","true","active"
"solitaire-oval-ring","","","","","","","","Metal Color","18K Yellow Gold","Diamond Type","1.00ct","Ring Size","EU 58","SOLITAIRE-OVAL-RING-YG-100-EU58","0","","continue","manual","990.00","","true","true","","","","","false","","","","unisex","adult","","new","true","","","","","","","g","","","true","active"
"solitaire-oval-ring","","","","","","","","Metal Color","18K Yellow Gold","Diamond Type","1.00ct","Ring Size","EU 60","SOLITAIRE-OVAL-RING-YG-100-EU60","0","","continue","manual","990.00","","true","true","","","","","false","","","","unisex","adult","","new","true","","","","","","","g","","","true","active"
"solitaire-oval-ring","","","","","","","","Metal Color","18K Yellow Gold","Diamond Type","1.50ct","Ring Size","EU 48","SOLITAIRE-OVAL-RING-YG-150-EU48","0","","continue","manual","1250.00","","true","true","","","","","false","","","","unisex","adult","","new","true","","","","","","","g","","","true","active"
"solitaire-oval-ring","","","","","","","","Metal Color","18K Yellow Gold","Diamond Type","1.50ct","Ring Size","EU 50","SOLITAIRE-OVAL-RING-YG-150-EU50","0","","continue","manual","1250.00","","true","true","","","","","false","","","","unisex","adult","","new","true","","","","","","","g","","","true","active"
"solitaire-oval-ring","","","","","","","","Metal Color","18K Yellow Gold","Diamond Type","1.50ct","Ring Size","EU 52","SOLITAIRE-OVAL-RING-YG-150-EU52","0","","continue","manual","1250.00","","true","true","","","","","false","","","","unisex","adult","","new","true","","","","","","","g","","","true","active"
"solitaire-oval-ring","","","","","","","","Metal Color","18K Yellow Gold","Diamond Type","1.50ct","Ring Size","EU 54","SOLITAIRE-OVAL-RING-YG-150-EU54","0","","continue","manual","1250.00","","true","true","","","","","false","","","","unisex","adult","","new","true","","","","","","","g","","","true","active"
"solitaire-oval-ring","","","","","","","","Metal Color","18K Yellow Gold","Diamond Type","1.50ct","Ring Size","EU 56","SOLITAIRE-OVAL-RING-YG-150-EU56","0","","continue","manual","1250.00","","true","true","","","","","false","","","","unisex","adult","","new","true","","","","","","","g","","","true","active"
"solitaire-oval-ring","","","","","","","","Metal Color","18K Yellow Gold","Diamond Type","1.50ct","Ring Size","EU 58","SOLITAIRE-OVAL-RING-YG-150-EU58","0","","continue","manual","1250.00","","true","true","","","","","false","","","","unisex","adult","","new","true","","","","","","","g","","","true","active"
"solitaire-oval-ring","","","","","","","","Metal Color","18K Yellow Gold","Diamond Type","1.50ct","Ring Size","EU 60","SOLITAIRE-OVAL-RING-YG-150-EU60","0","","continue","manual","1250.00","","true","true","","","","","false","","","","unisex","adult","","new","true","","","","","","","g","","","true","active"
"solitaire-oval-ring","","","","","","","","Metal Color","18K Yellow Gold","Diamond Type","Natural Diamond","Ring Size","EU 48","SOLITAIRE-OVAL-RING-YG-Natural-Diamond-EU48","0","","continue","manual","3000.00","","true","true","","","","","false","","","","unisex","adult","","new","true","","","","","","","g","","","true","active"
"solitaire-oval-ring","","","","","","","","Metal Color","18K Yellow Gold","Diamond Type","Natural Diamond","Ring Size","EU 50","SOLITAIRE-OVAL-RING-YG-Natural-Diamond-EU50","0","","continue","manual","3000.00","","true","true","","","","","false","","","","unisex","adult","","new","true","","","","","","","g","","","true","active"
"solitaire-oval-ring","","","","","","","","Metal Color","18K Yellow Gold","Diamond Type","Natural Diamond","Ring Size","EU 52","SOLITAIRE-OVAL-RING-YG-Natural-Diamond-EU52","0","","continue","manual","3000.00","","true","true","","","","","false","","","","unisex","adult","","new","true","","","","","","","g","","","true","active"
"solitaire-oval-ring","","","","","","","","Metal Color","18K Yellow Gold","Diamond Type","Natural Diamond","Ring Size","EU 54","SOLITAIRE-OVAL-RING-YG-Natural-Diamond-EU54","0","","continue","manual","3000.00","","true","true","","","","","false","","","","unisex","adult","","new","true","","","","","","","g","","","true","active"
"solitaire-oval-ring","","","","","","","","Metal Color","18K Yellow Gold","Diamond Type","Natural Diamond","Ring Size","EU 56","SOLITAIRE-OVAL-RING-YG-Natural-Diamond-EU56","0","","continue","manual","3000.00","","true","true","","","","","false","","","","unisex","adult","","new","true","","","","","","","g","","","true","active"
"solitaire-oval-ring","","","","","","","","Metal Color","18K Yellow Gold","Diamond Type","Natural Diamond","Ring Size","EU 58","SOLITAIRE-OVAL-RING-YG-Natural-Diamond-EU58","0","","continue","manual","3000.00","","true","true","","","","","false","","","","unisex","adult","","new","true","","","","","","","g","","","true","active"
"solitaire-oval-ring","","","","","","","","Metal Color","18K Yellow Gold","Diamond Type","Natural Diamond","Ring Size","EU 60","SOLITAIRE-OVAL-RING-YG-Natural-Diamond-EU60","0","","continue","manual","3000.00","","true","true","","","","","false","","","","unisex","adult","","new","true","","","","","","","g","","","true","active"
"solitaire-oval-ring","","","","","","","","Metal Color","18K White Gold","Diamond Type","0.50ct","Ring Size","EU 48","SOLITAIRE-OVAL-RING-WG-050-EU48","0","","continue","manual","790.00","","true","true","","","","","false","","","","unisex","adult","","new","true","","","","","","","g","","","true","active"
"solitaire-oval-ring","","","","","","","","Metal Color","18K White Gold","Diamond Type","0.50ct","Ring Size","EU 50","SOLITAIRE-OVAL-RING-WG-050-EU50","0","","continue","manual","790.00","","true","true","","","","","false","","","","unisex","adult","","new","true","","","","","","","g","","","true","active"
"solitaire-oval-ring","","","","","","","","Metal Color","18K White Gold","Diamond Type","0.50ct","Ring Size","EU 52","SOLITAIRE-OVAL-RING-WG-050-EU52","0","","continue","manual","790.00","","true","true","","","","","false","","","","unisex","adult","","new","true","","","","","","","g","","","true","active"
"solitaire-oval-ring","","","","","","","","Metal Color","18K White Gold","Diamond Type","0.50ct","Ring Size","EU 54","SOLITAIRE-OVAL-RING-WG-050-EU54","0","","continue","manual","790.00","","true","true","","","","","false","","","","unisex","adult","","new","true","","","","","","","g","","","true","active"
"solitaire-oval-ring","","","","","","","","Metal Color","18K White Gold","Diamond Type","0.50ct","Ring Size","EU 56","SOLITAIRE-OVAL-RING-WG-050-EU56","0","","continue","manual","790.00","","true","true","","","","","false","","","","unisex","adult","","new","true","","","","","","","g","","","true","active"
"solitaire-oval-ring","","","","","","","","Metal Color","18K White Gold","Diamond Type","0.50ct","Ring Size","EU 58","SOLITAIRE-OVAL-RING-WG-050-EU58","0","","continue","manual","790.00","","true","true","","","","","false","","","","unisex","adult","","new","true","","","","","","","g","","","true","active"
"solitaire-oval-ring","","","","","","","","Metal Color","18K White Gold","Diamond Type","0.50ct","Ring Size","EU 60","SOLITAIRE-OVAL-RING-WG-050-EU60","0","","continue","manual","790.00","","true","true","","","","","false","","","","unisex","adult","","new","true","","","","","","","g","","","true","active"
"solitaire-oval-ring","","","","","","","","Metal Color","18K White Gold","Diamond Type","1.00ct","Ring Size","EU 48","SOLITAIRE-OVAL-RING-WG-100-EU48","0","","continue","manual","990.00","","true","true","","","","","false","","","","unisex","adult","","new","true","","","","","","","g","","","true","active"
"solitaire-oval-ring","","","","","","","","Metal Color","18K White Gold","Diamond Type","1.00ct","Ring Size","EU 50","SOLITAIRE-OVAL-RING-WG-100-EU50","0","","continue","manual","990.00","","true","true","","","","","false","","","","unisex","adult","","new","true","","","","","","","g","","","true","active"
"solitaire-oval-ring","","","","","","","","Metal Color","18K White Gold","Diamond Type","1.00ct","Ring Size","EU 52","SOLITAIRE-OVAL-RING-WG-100-EU52","0","","continue","manual","990.00","","true","true","","","","","false","","","","unisex","adult","","new","true","","","","","","","g","","","true","active"
"solitaire-oval-ring","","","","","","","","Metal Color","18K White Gold","Diamond Type","1.00ct","Ring Size","EU 54","SOLITAIRE-OVAL-RING-WG-100-EU54","0","","continue","manual","990.00","","true","true","","","","","false","","","","unisex","adult","","new","true","","","","","","","g","","","true","active"
"solitaire-oval-ring","","","","","","","","Metal Color","18K White Gold","Diamond Type","1.00ct","Ring Size","EU 56","SOLITAIRE-OVAL-RING-WG-100-EU56","0","","continue","manual","990.00","","true","true","","","","","false","","","","unisex","adult","","new","true","","","","","","","g","","","true","active"
"solitaire-oval-ring","","","","","","","","Metal Color","18K White Gold","Diamond Type","1.00ct","Ring Size","EU 58","SOLITAIRE-OVAL-RING-WG-100-EU58","0","","continue","manual","990.00","","true","true","","","","","false","","","","unisex","adult","","new","true","","","","","","","g","","","true","active"
"solitaire-oval-ring","","","","","","","","Metal Color","18K White Gold","Diamond Type","1.00ct","Ring Size","EU 60","SOLITAIRE-OVAL-RING-WG-100-EU60","0","","continue","manual","990.00","","true","true","","","","","false","","","","unisex","adult","","new","true","","","","","","","g","","","true","active"
"solitaire-oval-ring","","","","","","","","Metal Color","18K White Gold","Diamond Type","1.50ct","Ring Size","EU 48","SOLITAIRE-OVAL-RING-WG-150-EU48","0","","continue","manual","1250.00","","true","true","","","","","false","","","","unisex","adult","","new","true","","","","","","","g","","","true","active"
"solitaire-oval-ring","","","","","","","","Metal Color","18K White Gold","Diamond Type","1.50ct","Ring Size","EU 50","SOLITAIRE-OVAL-RING-WG-150-EU50","0","","continue","manual","1250.00","","true","true","","","","","false","","","","unisex","adult","","new","true","","","","","","","g","","","true","active"
"solitaire-oval-ring","","","","","","","","Metal Color","18K White Gold","Diamond Type","1.50ct","Ring Size","EU 52","SOLITAIRE-OVAL-RING-WG-150-EU52","0","","continue","manual","1250.00","","true","true","","","","","false","","","","unisex","adult","","new","true","","","","","","","g","","","true","active"
"solitaire-oval-ring","","","","","","","","Metal Color","18K White Gold","Diamond Type","1.50ct","Ring Size","EU 54","SOLITAIRE-OVAL-RING-WG-150-EU54","0","","continue","manual","1250.00","","true","true","","","","","false","","","","unisex","adult","","new","true","","","","","","","g","","","true","active"
"solitaire-oval-ring","","","","","","","","Metal Color","18K White Gold","Diamond Type","1.50ct","Ring Size","EU 56","SOLITAIRE-OVAL-RING-WG-150-EU56","0","","continue","manual","1250.00","","true","true","","","","","false","","","","unisex","adult","","new","true","","","","","","","g","","","true","active"
"solitaire-oval-ring","","","","","","","","Metal Color","18K White Gold","Diamond Type","1.50ct","Ring Size","EU 58","SOLITAIRE-OVAL-RING-WG-150-EU58","0","","continue","manual","1250.00","","true","true","","","","","false","","","","unisex","adult","","new","true","","","","","","","g","","","true","active"
"solitaire-oval-ring","","","","","","","","Metal Color","18K White Gold","Diamond Type","1.50ct","Ring Size","EU 60","SOLITAIRE-OVAL-RING-WG-150-EU60","0","","continue","manual","1250.00","","true","true","","","","","false","","","","unisex","adult","","new","true","","","","","","","g","","","true","active"
"solitaire-oval-ring","","","","","","","","Metal Color","18K White Gold","Diamond Type","Natural Diamond","Ring Size","EU 48","SOLITAIRE-OVAL-RING-WG-Natural-Diamond-EU48","0","","continue","manual","3000.00","","true","true","","","","","false","","","","unisex","adult","","new","true","","","","","","","g","","","true","active"
"solitaire-oval-ring","","","","","","","","Metal Color","18K White Gold","Diamond Type","Natural Diamond","Ring Size","EU 50","SOLITAIRE-OVAL-RING-WG-Natural-Diamond-EU50","0","","continue","manual","3000.00","","true","true","","","","","false","","","","unisex","adult","","new","true","","","","","","","g","","","true","active"
"solitaire-oval-ring","","","","","","","","Metal Color","18K White Gold","Diamond Type","Natural Diamond","Ring Size","EU 52","SOLITAIRE-OVAL-RING-WG-Natural-Diamond-EU52","0","","continue","manual","3000.00","","true","true","","","","","false","","","","unisex","adult","","new","true","","","","","","","g","","","true","active"
"solitaire-oval-ring","","","","","","","","Metal Color","18K White Gold","Diamond Type","Natural Diamond","Ring Size","EU 54","SOLITAIRE-OVAL-RING-WG-Natural-Diamond-EU54","0","","continue","manual","3000.00","","true","true","","","","","false","","","","unisex","adult","","new","true","","","","","","","g","","","true","active"
"solitaire-oval-ring","","","","","","","","Metal Color","18K White Gold","Diamond Type","Natural Diamond","Ring Size","EU 56","SOLITAIRE-OVAL-RING-WG-Natural-Diamond-EU56","0","","continue","manual","3000.00","","true","true","","","","","false","","","","unisex","adult","","new","true","","","","","","","g","","","true","active"
"solitaire-oval-ring","","","","","","","","Metal Color","18K White Gold","Diamond Type","Natural Diamond","Ring Size","EU 58","SOLITAIRE-OVAL-RING-WG-Natural-Diamond-EU58","0","","continue","manual","3000.00","","true","true","","","","","false","","","","unisex","adult","","new","true","","","","","","","g","","","true","active"
"solitaire-oval-ring","","","","","","","","Metal Color","18K White Gold","Diamond Type","Natural Diamond","Ring Size","EU 60","SOLITAIRE-OVAL-RING-WG-Natural-Diamond-EU60","0","","continue","manual","3000.00","","true","true","","","","","false","","","","unisex","adult","","new","true","","","","","","","g","","","true","active"
"solitaire-oval-ring","","","","","","","","Metal Color","18K Rose Gold","Diamond Type","0.50ct","Ring Size","EU 48","SOLITAIRE-OVAL-RING-RG-050-EU48","0","","continue","manual","790.00","","true","true","","","","","false","","","","unisex","adult","","new","true","","","","","","","g","","","true","active"
"solitaire-oval-ring","","","","","","","","Metal Color","18K Rose Gold","Diamond Type","0.50ct","Ring Size","EU 50","SOLITAIRE-OVAL-RING-RG-050-EU50","0","","continue","manual","790.00","","true","true","","","","","false","","","","unisex","adult","","new","true","","","","","","","g","","","true","active"
"solitaire-oval-ring","","","","","","","","Metal Color","18K Rose Gold","Diamond Type","0.50ct","Ring Size","EU 52","SOLITAIRE-OVAL-RING-RG-050-EU52","0","","continue","manual","790.00","","true","true","","","","","false","","","","unisex","adult","","new","true","","","","","","","g","","","true","active"
"solitaire-oval-ring","","","","","","","","Metal Color","18K Rose Gold","Diamond Type","0.50ct","Ring Size","EU 54","SOLITAIRE-OVAL-RING-RG-050-EU54","0","","continue","manual","790.00","","true","true","","","","","false","","","","unisex","adult","","new","true","","","","","","","g","","","true","active"
"solitaire-oval-ring","","","","","","","","Metal Color","18K Rose Gold","Diamond Type","0.50ct","Ring Size","EU 56","SOLITAIRE-OVAL-RING-RG-050-EU56","0","","continue","manual","790.00","","true","true","","","","","false","","","","unisex","adult","","new","true","","","","","","","g","","","true","active"
"solitaire-oval-ring","","","","","","","","Metal Color","18K Rose Gold","Diamond Type","0.50ct","Ring Size","EU 58","SOLITAIRE-OVAL-RING-RG-050-EU58","0","","continue","manual","790.00","","true","true","","","","","false","","","","unisex","adult","","new","true","","","","","","","g","","","true","active"
"solitaire-oval-ring","","","","","","","","Metal Color","18K Rose Gold","Diamond Type","0.50ct","Ring Size","EU 60","SOLITAIRE-OVAL-RING-RG-050-EU60","0","","continue","manual","790.00","","true","true","","","","","false","","","","unisex","adult","","new","true","","","","","","","g","","","true","active"
"solitaire-oval-ring","","","","","","","","Metal Color","18K Rose Gold","Diamond Type","1.00ct","Ring Size","EU 48","SOLITAIRE-OVAL-RING-RG-100-EU48","0","","continue","manual","990.00","","true","true","","","","","false","","","","unisex","adult","","new","true","","","","","","","g","","","true","active"
"solitaire-oval-ring","","","","","","","","Metal Color","18K Rose Gold","Diamond Type","1.00ct","Ring Size","EU 50","SOLITAIRE-OVAL-RING-RG-100-EU50","0","","continue","manual","990.00","","true","true","","","","","false","","","","unisex","adult","","new","true","","","","","","","g","","","true","active"
"solitaire-oval-ring","","","","","","","","Metal Color","18K Rose Gold","Diamond Type","1.00ct","Ring Size","EU 52","SOLITAIRE-OVAL-RING-RG-100-EU52","0","","continue","manual","990.00","","true","true","","","","","false","","","","unisex","adult","","new","true","","","","","","","g","","","true","active"
"solitaire-oval-ring","","","","","","","","Metal Color","18K Rose Gold","Diamond Type","1.00ct","Ring Size","EU 54","SOLITAIRE-OVAL-RING-RG-100-EU54","0","","continue","manual","990.00","","true","true","","","","","false","","","","unisex","adult","","new","true","","","","","","","g","","","true","active"
"solitaire-oval-ring","","","","","","","","Metal Color","18K Rose Gold","Diamond Type","1.00ct","Ring Size","EU 56","SOLITAIRE-OVAL-RING-RG-100-EU56","0","","continue","manual","990.00","","true","true","","","","","false","","","","unisex","adult","","new","true","","","","","","","g","","","true","active"
"solitaire-oval-ring","","","","","","","","Metal Color","18K Rose Gold","Diamond Type","1.00ct","Ring Size","EU 58","SOLITAIRE-OVAL-RING-RG-100-EU58","0","","continue","manual","990.00","","true","true","","","","","false","","","","unisex","adult","","new","true","","","","","","","g","","","true","active"
"solitaire-oval-ring","","","","","","","","Metal Color","18K Rose Gold","Diamond Type","1.00ct","Ring Size","EU 60","SOLITAIRE-OVAL-RING-RG-100-EU60","0","","continue","manual","990.00","","true","true","","","","","false","","","","unisex","adult","","new","true","","","","","","","g","","","true","active"
"solitaire-oval-ring","","","","","","","","Metal Color","18K Rose Gold","Diamond Type","1.50ct","Ring Size","EU 48","SOLITAIRE-OVAL-RING-RG-150-EU48","0","","continue","manual","1250.00","","true","true","","","","","false","","","","unisex","adult","","new","true","","","","","","","g","","","true","active"
"solitaire-oval-ring","","","","","","","","Metal Color","18K Rose Gold","Diamond Type","1.50ct","Ring Size","EU 50","SOLITAIRE-OVAL-RING-RG-150-EU50","0","","continue","manual","1250.00","","true","true","","","","","false","","","","unisex","adult","","new","true","","","","","","","g","","","true","active"
"solitaire-oval-ring","","","","","","","","Metal Color","18K Rose Gold","Diamond Type","1.50ct","Ring Size","EU 52","SOLITAIRE-OVAL-RING-RG-150-EU52","0","","continue","manual","1250.00","","true","true","","","","","false","","","","unisex","adult","","new","true","","","","","","","g","","","true","active"
"solitaire-oval-ring","","","","","","","","Metal Color","18K Rose Gold","Diamond Type","1.50ct","Ring Size","EU 54","SOLITAIRE-OVAL-RING-RG-150-EU54","0","","continue","manual","1250.00","","true","true","","","","","false","","","","unisex","adult","","new","true","","","","","","","g","","","true","active"
"solitaire-oval-ring","","","","","","","","Metal Color","18K Rose Gold","Diamond Type","1.50ct","Ring Size","EU 56","SOLITAIRE-OVAL-RING-RG-150-EU56","0","","continue","manual","1250.00","","true","true","","","","","false","","","","unisex","adult","","new","true","","","","","","","g","","","true","active"
"solitaire-oval-ring","","","","","","","","Metal Color","18K Rose Gold","Diamond Type","1.50ct","Ring Size","EU 58","SOLITAIRE-OVAL-RING-RG-150-EU58","0","","continue","manual","1250.00","","true","true","","","","","false","","","","unisex","adult","","new","true","","","","","","","g","","","true","active"
"solitaire-oval-ring","","","","","","","","Metal Color","18K Rose Gold","Diamond Type","1.50ct","Ring Size","EU 60","SOLITAIRE-OVAL-RING-RG-150-EU60","0","","continue","manual","1250.00","","true","true","","","","","false","","","","unisex","adult","","new","true","","","","","","","g","","","true","active"
"solitaire-oval-ring","","","","","","","","Metal Color","18K Rose Gold","Diamond Type","Natural Diamond","Ring Size","EU 48","SOLITAIRE-OVAL-RING-RG-Natural-Diamond-EU48","0","","continue","manual","3000.00","","true","true","","","","","false","","","","unisex","adult","","new","true","","","","","","","g","","","true","active"
"solitaire-oval-ring","","","","","","","","Metal Color","18K Rose Gold","Diamond Type","Natural Diamond","Ring Size","EU 50","SOLITAIRE-OVAL-RING-RG-Natural-Diamond-EU50","0","","continue","manual","3000.00","","true","true","","","","","false","","","","unisex","adult","","new","true","","","","","","","g","","","true","active"
"solitaire-oval-ring","","","","","","","","Metal Color","18K Rose Gold","Diamond Type","Natural Diamond","Ring Size","EU 52","SOLITAIRE-OVAL-RING-RG-Natural-Diamond-EU52","0","","continue","manual","3000.00","","true","true","","","","","false","","","","unisex","adult","","new","true","","","","","","","g","","","true","active"
"solitaire-oval-ring","","","","","","","","Metal Color","18K Rose Gold","Diamond Type","Natural Diamond","Ring Size","EU 54","SOLITAIRE-OVAL-RING-RG-Natural-Diamond-EU54","0","","continue","manual","3000.00","","true","true","","","","","false","","","","unisex","adult","","new","true","","","","","","","g","","","true","active"
"solitaire-oval-ring","","","","","","","","Metal Color","18K Rose Gold","Diamond Type","Natural Diamond","Ring Size","EU 56","SOLITAIRE-OVAL-RING-RG-Natural-Diamond-EU56","0","","continue","manual","3000.00","","true","true","","","","","false","","","","unisex","adult","","new","true","","","","","","","g","","","true","active"
"solitaire-oval-ring","","","","","","","","Metal Color","18K Rose Gold","Diamond Type","Natural Diamond","Ring Size","EU 58","SOLITAIRE-OVAL-RING-RG-Natural-Diamond-EU58","0","","continue","manual","3000.00","","true","true","","","","","false","","","","unisex","adult","","new","true","","","","","","","g","","","true","active"
"solitaire-oval-ring","","","","","","","","Metal Color","18K Rose Gold","Diamond Type","Natural Diamond","Ring Size","EU 60","SOLITAIRE-OVAL-RING-RG-Natural-Diamond-EU60","0","","continue","manual","3000.00","","true","true","","","","","false","","","","unisex","adult","","new","true","","","","","","","g","","","true","active"
"solitaire-round-side-diamonds","Solitaire Ring with Round Diamond and Side Diamonds","<p>Elegant solitaire ring with round diamond enhanced by side diamonds</p>","Diamonds by CS","Jewelry & Watches > Jewelry > Rings","Engagement Ring","engagement-ring, solitaire, round, with-side-diamonds, lab-grown-diamond","true","Metal Color","18K Yellow Gold","Diamond Type","0.50ct","Ring Size","EU 48","SOLITAIRE-ROUND-SIDE-DIAMONDS-YG-050-EU48","0","","continue","manual","1150.00","","true","true","","","","","false","","","","unisex","adult","","new","true","","","","","","","g","","","true","active"
"solitaire-round-side-diamonds","","","","","","","","Metal Color","18K Yellow Gold","Diamond Type","0.50ct","Ring Size","EU 50","SOLITAIRE-ROUND-SIDE-DIAMONDS-YG-050-EU50","0","","continue","manual","1150.00","","true","true","","","","","false","","","","unisex","adult","","new","true","","","","","","","g","","","true","active"
"solitaire-round-side-diamonds","","","","","","","","Metal Color","18K Yellow Gold","Diamond Type","0.50ct","Ring Size","EU 52","SOLITAIRE-ROUND-SIDE-DIAMONDS-YG-050-EU52","0","","continue","manual","1150.00","","true","true","","","","","false","","","","unisex","adult","","new","true","","","","","","","g","","","true","active"
"solitaire-round-side-diamonds","","","","","","","","Metal Color","18K Yellow Gold","Diamond Type","0.50ct","Ring Size","EU 54","SOLITAIRE-ROUND-SIDE-DIAMONDS-YG-050-EU54","0","","continue","manual","1150.00","","true","true","","","","","false","","","","unisex","adult","","new","true","","","","","","","g","","","true","active"
"solitaire-round-side-diamonds","","","","","","","","Metal Color","18K Yellow Gold","Diamond Type","0.50ct","Ring Size","EU 56","SOLITAIRE-ROUND-SIDE-DIAMONDS-YG-050-EU56","0","","continue","manual","1150.00","","true","true","","","","","false","","","","unisex","adult","","new","true","","","","","","","g","","","true","active"
"solitaire-round-side-diamonds","","","","","","","","Metal Color","18K Yellow Gold","Diamond Type","0.50ct","Ring Size","EU 58","SOLITAIRE-ROUND-SIDE-DIAMONDS-YG-050-EU58","0","","continue","manual","1150.00","","true","true","","","","","false","","","","unisex","adult","","new","true","","","","","","","g","","","true","active"
"solitaire-round-side-diamonds","","","","","","","","Metal Color","18K Yellow Gold","Diamond Type","0.50ct","Ring Size","EU 60","SOLITAIRE-ROUND-SIDE-DIAMONDS-YG-050-EU60","0","","continue","manual","1150.00","","true","true","","","","","false","","","","unisex","adult","","new","true","","","","","","","g","","","true","active"
"solitaire-round-side-diamonds","","","","","","","","Metal Color","18K Yellow Gold","Diamond Type","1.00ct","Ring Size","EU 48","SOLITAIRE-ROUND-SIDE-DIAMONDS-YG-100-EU48","0","","continue","manual","1350.00","","true","true","","","","","false","","","","unisex","adult","","new","true","","","","","","","g","","","true","active"
"solitaire-round-side-diamonds","","","","","","","","Metal Color","18K Yellow Gold","Diamond Type","1.00ct","Ring Size","EU 50","SOLITAIRE-ROUND-SIDE-DIAMONDS-YG-100-EU50","0","","continue","manual","1350.00","","true","true","","","","","false","","","","unisex","adult","","new","true","","","","","","","g","","","true","active"
"solitaire-round-side-diamonds","","","","","","","","Metal Color","18K Yellow Gold","Diamond Type","1.00ct","Ring Size","EU 52","SOLITAIRE-ROUND-SIDE-DIAMONDS-YG-100-EU52","0","","continue","manual","1350.00","","true","true","","","","","false","","","","unisex","adult","","new","true","","","","","","","g","","","true","active"
"solitaire-round-side-diamonds","","","","","","","","Metal Color","18K Yellow Gold","Diamond Type","1.00ct","Ring Size","EU 54","SOLITAIRE-ROUND-SIDE-DIAMONDS-YG-100-EU54","0","","continue","manual","1350.00","","true","true","","","","","false","","","","unisex","adult","","new","true","","","","","","","g","","","true","active"
"solitaire-round-side-diamonds","","","","","","","","Metal Color","18K Yellow Gold","Diamond Type","1.00ct","Ring Size","EU 56","SOLITAIRE-ROUND-SIDE-DIAMONDS-YG-100-EU56","0","","continue","manual","1350.00","","true","true","","","","","false","","","","unisex","adult","","new","true","","","","","","","g","","","true","active"
"solitaire-round-side-diamonds","","","","","","","","Metal Color","18K Yellow Gold","Diamond Type","1.00ct","Ring Size","EU 58","SOLITAIRE-ROUND-SIDE-DIAMONDS-YG-100-EU58","0","","continue","manual","1350.00","","true","true","","","","","false","","","","unisex","adult","","new","true","","","","","","","g","","","true","active"
"solitaire-round-side-diamonds","","","","","","","","Metal Color","18K Yellow Gold","Diamond Type","1.00ct","Ring Size","EU 60","SOLITAIRE-ROUND-SIDE-DIAMONDS-YG-100-EU60","0","","continue","manual","1350.00","","true","true","","","","","false","","","","unisex","adult","","new","true","","","","","","","g","","","true","active"
"solitaire-round-side-diamonds","","","","","","","","Metal Color","18K Yellow Gold","Diamond Type","1.50ct","Ring Size","EU 48","SOLITAIRE-ROUND-SIDE-DIAMONDS-YG-150-EU48","0","","continue","manual","1610.00","","true","true","","","","","false","","","","unisex","adult","","new","true","","","","","","","g","","","true","active"
"solitaire-round-side-diamonds","","","","","","","","Metal Color","18K Yellow Gold","Diamond Type","1.50ct","Ring Size","EU 50","SOLITAIRE-ROUND-SIDE-DIAMONDS-YG-150-EU50","0","","continue","manual","1610.00","","true","true","","","","","false","","","","unisex","adult","","new","true","","","","","","","g","","","true","active"
"solitaire-round-side-diamonds","","","","","","","","Metal Color","18K Yellow Gold","Diamond Type","1.50ct","Ring Size","EU 52","SOLITAIRE-ROUND-SIDE-DIAMONDS-YG-150-EU52","0","","continue","manual","1610.00","","true","true","","","","","false","","","","unisex","adult","","new","true","","","","","","","g","","","true","active"
"solitaire-round-side-diamonds","","","","","","","","Metal Color","18K Yellow Gold","Diamond Type","1.50ct","Ring Size","EU 54","SOLITAIRE-ROUND-SIDE-DIAMONDS-YG-150-EU54","0","","continue","manual","1610.00","","true","true","","","","","false","","","","unisex","adult","","new","true","","","","","","","g","","","true","active"
"solitaire-round-side-diamonds","","","","","","","","Metal Color","18K Yellow Gold","Diamond Type","1.50ct","Ring Size","EU 56","SOLITAIRE-ROUND-SIDE-DIAMONDS-YG-150-EU56","0","","continue","manual","1610.00","","true","true","","","","","false","","","","unisex","adult","","new","true","","","","","","","g","","","true","active"
"solitaire-round-side-diamonds","","","","","","","","Metal Color","18K Yellow Gold","Diamond Type","1.50ct","Ring Size","EU 58","SOLITAIRE-ROUND-SIDE-DIAMONDS-YG-150-EU58","0","","continue","manual","1610.00","","true","true","","","","","false","","","","unisex","adult","","new","true","","","","","","","g","","","true","active"
"solitaire-round-side-diamonds","","","","","","","","Metal Color","18K Yellow Gold","Diamond Type","1.50ct","Ring Size","EU 60","SOLITAIRE-ROUND-SIDE-DIAMONDS-YG-150-EU60","0","","continue","manual","1610.00","","true","true","","","","","false","","","","unisex","adult","","new","true","","","","","","","g","","","true","active"
"solitaire-round-side-diamonds","","","","","","","","Metal Color","18K Yellow Gold","Diamond Type","Natural Diamond","Ring Size","EU 48","SOLITAIRE-ROUND-SIDE-DIAMONDS-YG-Natural-Diamond-EU48","0","","continue","manual","3360.00","","true","true","","","","","false","","","","unisex","adult","","new","true","","","","","","","g","","","true","active"
"solitaire-round-side-diamonds","","","","","","","","Metal Color","18K Yellow Gold","Diamond Type","Natural Diamond","Ring Size","EU 50","SOLITAIRE-ROUND-SIDE-DIAMONDS-YG-Natural-Diamond-EU50","0","","continue","manual","3360.00","","true","true","","","","","false","","","","unisex","adult","","new","true","","","","","","","g","","","true","active"
"solitaire-round-side-diamonds","","","","","","","","Metal Color","18K Yellow Gold","Diamond Type","Natural Diamond","Ring Size","EU 52","SOLITAIRE-ROUND-SIDE-DIAMONDS-YG-Natural-Diamond-EU52","0","","continue","manual","3360.00","","true","true","","","","","false","","","","unisex","adult","","new","true","","","","","","","g","","","true","active"
"solitaire-round-side-diamonds","","","","","","","","Metal Color","18K Yellow Gold","Diamond Type","Natural Diamond","Ring Size","EU 54","SOLITAIRE-ROUND-SIDE-DIAMONDS-YG-Natural-Diamond-EU54","0","","continue","manual","3360.00","","true","true","","","","","false","","","","unisex","adult","","new","true","","","","","","","g","","","true","active"
"solitaire-round-side-diamonds","","","","","","","","Metal Color","18K Yellow Gold","Diamond Type","Natural Diamond","Ring Size","EU 56","SOLITAIRE-ROUND-SIDE-DIAMONDS-YG-Natural-Diamond-EU56","0","","continue","manual","3360.00","","true","true","","","","","false","","","","unisex","adult","","new","true","","","","","","","g","","","true","active"
"solitaire-round-side-diamonds","","","","","","","","Metal Color","18K Yellow Gold","Diamond Type","Natural Diamond","Ring Size","EU 58","SOLITAIRE-ROUND-SIDE-DIAMONDS-YG-Natural-Diamond-EU58","0","","continue","manual","3360.00","","true","true","","","","","false","","","","unisex","adult","","new","true","","","","","","","g","","","true","active"
"solitaire-round-side-diamonds","","","","","","","","Metal Color","18K Yellow Gold","Diamond Type","Natural Diamond","Ring Size","EU 60","SOLITAIRE-ROUND-SIDE-DIAMONDS-YG-Natural-Diamond-EU60","0","","continue","manual","3360.00","","true","true","","","","","false","","","","unisex","adult","","new","true","","","","","","","g","","","true","active"
"solitaire-round-side-diamonds","","","","","","","","Metal Color","18K White Gold","Diamond Type","0.50ct","Ring Size","EU 48","SOLITAIRE-ROUND-SIDE-DIAMONDS-WG-050-EU48","0","","continue","manual","1150.00","","true","true","","","","","false","","","","unisex","adult","","new","true","","","","","","","g","","","true","active"
"solitaire-round-side-diamonds","","","","","","","","Metal Color","18K White Gold","Diamond Type","0.50ct","Ring Size","EU 50","SOLITAIRE-ROUND-SIDE-DIAMONDS-WG-050-EU50","0","","continue","manual","1150.00","","true","true","","","","","false","","","","unisex","adult","","new","true","","","","","","","g","","","true","active"
"solitaire-round-side-diamonds","","","","","","","","Metal Color","18K White Gold","Diamond Type","0.50ct","Ring Size","EU 52","SOLITAIRE-ROUND-SIDE-DIAMONDS-WG-050-EU52","0","","continue","manual","1150.00","","true","true","","","","","false","","","","unisex","adult","","new","true","","","","","","","g","","","true","active"
"solitaire-round-side-diamonds","","","","","","","","Metal Color","18K White Gold","Diamond Type","0.50ct","Ring Size","EU 54","SOLITAIRE-ROUND-SIDE-DIAMONDS-WG-050-EU54","0","","continue","manual","1150.00","","true","true","","","","","false","","","","unisex","adult","","new","true","","","","","","","g","","","true","active"
"solitaire-round-side-diamonds","","","","","","","","Metal Color","18K White Gold","Diamond Type","0.50ct","Ring Size","EU 56","SOLITAIRE-ROUND-SIDE-DIAMONDS-WG-050-EU56","0","","continue","manual","1150.00","","true","true","","","","","false","","","","unisex","adult","","new","true","","","","","","","g","","","true","active"
"solitaire-round-side-diamonds","","","","","","","","Metal Color","18K White Gold","Diamond Type","0.50ct","Ring Size","EU 58","SOLITAIRE-ROUND-SIDE-DIAMONDS-WG-050-EU58","0","","continue","manual","1150.00","","true","true","","","","","false","","","","unisex","adult","","new","true","","","","","","","g","","","true","active"
"solitaire-round-side-diamonds","","","","","","","","Metal Color","18K White Gold","Diamond Type","0.50ct","Ring Size","EU 60","SOLITAIRE-ROUND-SIDE-DIAMONDS-WG-050-EU60","0","","continue","manual","1150.00","","true","true","","","","","false","","","","unisex","adult","","new","true","","","","","","","g","","","true","active"
"solitaire-round-side-diamonds","","","","","","","","Metal Color","18K White Gold","Diamond Type","1.00ct","Ring Size","EU 48","SOLITAIRE-ROUND-SIDE-DIAMONDS-WG-100-EU48","0","","continue","manual","1350.00","","true","true","","","","","false","","","","unisex","adult","","new","true","","","","","","","g","","","true","active"
"solitaire-round-side-diamonds","","","","","","","","Metal Color","18K White Gold","Diamond Type","1.00ct","Ring Size","EU 50","SOLITAIRE-ROUND-SIDE-DIAMONDS-WG-100-EU50","0","","continue","manual","1350.00","","true","true","","","","","false","","","","unisex","adult","","new","true","","","","","","","g","","","true","active"
"solitaire-round-side-diamonds","","","","","","","","Metal Color","18K White Gold","Diamond Type","1.00ct","Ring Size","EU 52","SOLITAIRE-ROUND-SIDE-DIAMONDS-WG-100-EU52","0","","continue","manual","1350.00","","true","true","","","","","false","","","","unisex","adult","","new","true","","","","","","","g","","","true","active"
"solitaire-round-side-diamonds","","","","","","","","Metal Color","18K White Gold","Diamond Type","1.00ct","Ring Size","EU 54","SOLITAIRE-ROUND-SIDE-DIAMONDS-WG-100-EU54","0","","continue","manual","1350.00","","true","true","","","","","false","","","","unisex","adult","","new","true","","","","","","","g","","","true","active"
"solitaire-round-side-diamonds","","","","","","","","Metal Color","18K White Gold","Diamond Type","1.00ct","Ring Size","EU 56","SOLITAIRE-ROUND-SIDE-DIAMONDS-WG-100-EU56","0","","continue","manual","1350.00","","true","true","","","","","false","","","","unisex","adult","","new","true","","","","","","","g","","","true","active"
"solitaire-round-side-diamonds","","","","","","","","Metal Color","18K White Gold","Diamond Type","1.00ct","Ring Size","EU 58","SOLITAIRE-ROUND-SIDE-DIAMONDS-WG-100-EU58","0","","continue","manual","1350.00","","true","true","","","","","false","","","","unisex","adult","","new","true","","","","","","","g","","","true","active"
"solitaire-round-side-diamonds","","","","","","","","Metal Color","18K White Gold","Diamond Type","1.00ct","Ring Size","EU 60","SOLITAIRE-ROUND-SIDE-DIAMONDS-WG-100-EU60","0","","continue","manual","1350.00","","true","true","","","","","false","","","","unisex","adult","","new","true","","","","","","","g","","","true","active"
"solitaire-round-side-diamonds","","","","","","","","Metal Color","18K White Gold","Diamond Type","1.50ct","Ring Size","EU 48","SOLITAIRE-ROUND-SIDE-DIAMONDS-WG-150-EU48","0","","continue","manual","1610.00","","true","true","","","","","false","","","","unisex","adult","","new","true","","","","","","","g","","","true","active"
"solitaire-round-side-diamonds","","","","","","","","Metal Color","18K White Gold","Diamond Type","1.50ct","Ring Size","EU 50","SOLITAIRE-ROUND-SIDE-DIAMONDS-WG-150-EU50","0","","continue","manual","1610.00","","true","true","","","","","false","","","","unisex","adult","","new","true","","","","","","","g","","","true","active"
"solitaire-round-side-diamonds","","","","","","","","Metal Color","18K White Gold","Diamond Type","1.50ct","Ring Size","EU 52","SOLITAIRE-ROUND-SIDE-DIAMONDS-WG-150-EU52","0","","continue","manual","1610.00","","true","true","","","","","false","","","","unisex","adult","","new","true","","","","","","","g","","","true","active"
"solitaire-round-side-diamonds","","","","","","","","Metal Color","18K White Gold","Diamond Type","1.50ct","Ring Size","EU 54","SOLITAIRE-ROUND-SIDE-DIAMONDS-WG-150-EU54","0","","continue","manual","1610.00","","true","true","","","","","false","","","","unisex","adult","","new","true","","","","","","","g","","","true","active"
"solitaire-round-side-diamonds","","","","","","","","Metal Color","18K White Gold","Diamond Type","1.50ct","Ring Size","EU 56","SOLITAIRE-ROUND-SIDE-DIAMONDS-WG-150-EU56","0","","continue","manual","1610.00","","true","true","","","","","false","","","","unisex","adult","","new","true","","","","","","","g","","","true","active"
"solitaire-round-side-diamonds","","","","","","","","Metal Color","18K White Gold","Diamond Type","1.50ct","Ring Size","EU 58","SOLITAIRE-ROUND-SIDE-DIAMONDS-WG-150-EU58","0","","continue","manual","1610.00","","true","true","","","","","false","","","","unisex","adult","","new","true","","","","","","","g","","","true","active"
"solitaire-round-side-diamonds","","","","","","","","Metal Color","18K White Gold","Diamond Type","1.50ct","Ring Size","EU 60","SOLITAIRE-ROUND-SIDE-DIAMONDS-WG-150-EU60","0","","continue","manual","1610.00","","true","true","","","","","false","","","","unisex","adult","","new","true","","","","","","","g","","","true","active"
"solitaire-round-side-diamonds","","","","","","","","Metal Color","18K White Gold","Diamond Type","Natural Diamond","Ring Size","EU 48","SOLITAIRE-ROUND-SIDE-DIAMONDS-WG-Natural-Diamond-EU48","0","","continue","manual","3360.00","","true","true","","","","","false","","","","unisex","adult","","new","true","","","","","","","g","","","true","active"
"solitaire-round-side-diamonds","","","","","","","","Metal Color","18K White Gold","Diamond Type","Natural Diamond","Ring Size","EU 50","SOLITAIRE-ROUND-SIDE-DIAMONDS-WG-Natural-Diamond-EU50","0","","continue","manual","3360.00","","true","true","","","","","false","","","","unisex","adult","","new","true","","","","","","","g","","","true","active"
"solitaire-round-side-diamonds","","","","","","","","Metal Color","18K White Gold","Diamond Type","Natural Diamond","Ring Size","EU 52","SOLITAIRE-ROUND-SIDE-DIAMONDS-WG-Natural-Diamond-EU52","0","","continue","manual","3360.00","","true","true","","","","","false","","","","unisex","adult","","new","true","","","","","","","g","","","true","active"
"solitaire-round-side-diamonds","","","","","","","","Metal Color","18K White Gold","Diamond Type","Natural Diamond","Ring Size","EU 54","SOLITAIRE-ROUND-SIDE-DIAMONDS-WG-Natural-Diamond-EU54","0","","continue","manual","3360.00","","true","true","","","","","false","","","","unisex","adult","","new","true","","","","","","","g","","","true","active"
"solitaire-round-side-diamonds","","","","","","","","Metal Color","18K White Gold","Diamond Type","Natural Diamond","Ring Size","EU 56","SOLITAIRE-ROUND-SIDE-DIAMONDS-WG-Natural-Diamond-EU56","0","","continue","manual","3360.00","","true","true","","","","","false","","","","unisex","adult","","new","true","","","","","","","g","","","true","active"
"solitaire-round-side-diamonds","","","","","","","","Metal Color","18K White Gold","Diamond Type","Natural Diamond","Ring Size","EU 58","SOLITAIRE-ROUND-SIDE-DIAMONDS-WG-Natural-Diamond-EU58","0","","continue","manual","3360.00","","true","true","","","","","false","","","","unisex","adult","","new","true","","","","","","","g","","","true","active"
"solitaire-round-side-diamonds","","","","","","","","Metal Color","18K White Gold","Diamond Type","Natural Diamond","Ring Size","EU 60","SOLITAIRE-ROUND-SIDE-DIAMONDS-WG-Natural-Diamond-EU60","0","","continue","manual","3360.00","","true","true","","","","","false","","","","unisex","adult","","new","true","","","","","","","g","","","true","active"
"solitaire-round-side-diamonds","","","","","","","","Metal Color","18K Rose Gold","Diamond Type","0.50ct","Ring Size","EU 48","SOLITAIRE-ROUND-SIDE-DIAMONDS-RG-050-EU48","0","","continue","manual","1150.00","","true","true","","","","","false","","","","unisex","adult","","new","true","","","","","","","g","","","true","active"
"solitaire-round-side-diamonds","","","","","","","","Metal Color","18K Rose Gold","Diamond Type","0.50ct","Ring Size","EU 50","SOLITAIRE-ROUND-SIDE-DIAMONDS-RG-050-EU50","0","","continue","manual","1150.00","","true","true","","","","","false","","","","unisex","adult","","new","true","","","","","","","g","","","true","active"
"solitaire-round-side-diamonds","","","","","","","","Metal Color","18K Rose Gold","Diamond Type","0.50ct","Ring Size","EU 52","SOLITAIRE-ROUND-SIDE-DIAMONDS-RG-050-EU52","0","","continue","manual","1150.00","","true","true","","","","","false","","","","unisex","adult","","new","true","","","","","","","g","","","true","active"
"solitaire-round-side-diamonds","","","","","","","","Metal Color","18K Rose Gold","Diamond Type","0.50ct","Ring Size","EU 54","SOLITAIRE-ROUND-SIDE-DIAMONDS-RG-050-EU54","0","","continue","manual","1150.00","","true","true","","","","","false","","","","unisex","adult","","new","true","","","","","","","g","","","true","active"
"solitaire-round-side-diamonds","","","","","","","","Metal Color","18K Rose Gold","Diamond Type","0.50ct","Ring Size","EU 56","SOLITAIRE-ROUND-SIDE-DIAMONDS-RG-050-EU56","0","","continue","manual","1150.00","","true","true","","","","","false","","","","unisex","adult","","new","true","","","","","","","g","","","true","active"
"solitaire-round-side-diamonds","","","","","","","","Metal Color","18K Rose Gold","Diamond Type","0.50ct","Ring Size","EU 58","SOLITAIRE-ROUND-SIDE-DIAMONDS-RG-050-EU58","0","","continue","manual","1150.00","","true","true","","","","","false","","","","unisex","adult","","new","true","","","","","","","g","","","true","active"
"solitaire-round-side-diamonds","","","","","","","","Metal Color","18K Rose Gold","Diamond Type","0.50ct","Ring Size","EU 60","SOLITAIRE-ROUND-SIDE-DIAMONDS-RG-050-EU60","0","","continue","manual","1150.00","","true","true","","","","","false","","","","unisex","adult","","new","true","","","","","","","g","","","true","active"
"solitaire-round-side-diamonds","","","","","","","","Metal Color","18K Rose Gold","Diamond Type","1.00ct","Ring Size","EU 48","SOLITAIRE-ROUND-SIDE-DIAMONDS-RG-100-EU48","0","","continue","manual","1350.00","","true","true","","","","","false","","","","unisex","adult","","new","true","","","","","","","g","","","true","active"
"solitaire-round-side-diamonds","","","","","","","","Metal Color","18K Rose Gold","Diamond Type","1.00ct","Ring Size","EU 50","SOLITAIRE-ROUND-SIDE-DIAMONDS-RG-100-EU50","0","","continue","manual","1350.00","","true","true","","","","","false","","","","unisex","adult","","new","true","","","","","","","g","","","true","active"
"solitaire-round-side-diamonds","","","","","","","","Metal Color","18K Rose Gold","Diamond Type","1.00ct","Ring Size","EU 52","SOLITAIRE-ROUND-SIDE-DIAMONDS-RG-100-EU52","0","","continue","manual","1350.00","","true","true","","","","","false","","","","unisex","adult","","new","true","","","","","","","g","","","true","active"
"solitaire-round-side-diamonds","","","","","","","","Metal Color","18K Rose Gold","Diamond Type","1.00ct","Ring Size","EU 54","SOLITAIRE-ROUND-SIDE-DIAMONDS-RG-100-EU54","0","","continue","manual","1350.00","","true","true","","","","","false","","","","unisex","adult","","new","true","","","","","","","g","","","true","active"
"solitaire-round-side-diamonds","","","","","","","","Metal Color","18K Rose Gold","Diamond Type","1.00ct","Ring Size","EU 56","SOLITAIRE-ROUND-SIDE-DIAMONDS-RG-100-EU56","0","","continue","manual","1350.00","","true","true","","","","","false","","","","unisex","adult","","new","true","","","","","","","g","","","true","active"
"solitaire-round-side-diamonds","","","","","","","","Metal Color","18K Rose Gold","Diamond Type","1.00ct","Ring Size","EU 58","SOLITAIRE-ROUND-SIDE-DIAMONDS-RG-100-EU58","0","","continue","manual","1350.00","","true","true","","","","","false","","","","unisex","adult","","new","true","","","","","","","g","","","true","active"
"solitaire-round-side-diamonds","","","","","","","","Metal Color","18K Rose Gold","Diamond Type","1.00ct","Ring Size","EU 60","SOLITAIRE-ROUND-SIDE-DIAMONDS-RG-100-EU60","0","","continue","manual","1350.00","","true","true","","","","","false","","","","unisex","adult","","new","true","","","","","","","g","","","true","active"
"solitaire-round-side-diamonds","","","","","","","","Metal Color","18K Rose Gold","Diamond Type","1.50ct","Ring Size","EU 48","SOLITAIRE-ROUND-SIDE-DIAMONDS-RG-150-EU48","0","","continue","manual","1610.00","","true","true","","","","","false","","","","unisex","adult","","new","true","","","","","","","g","","","true","active"
"solitaire-round-side-diamonds","","","","","","","","Metal Color","18K Rose Gold","Diamond Type","1.50ct","Ring Size","EU 50","SOLITAIRE-ROUND-SIDE-DIAMONDS-RG-150-EU50","0","","continue","manual","1610.00","","true","true","","","","","false","","","","unisex","adult","","new","true","","","","","","","g","","","true","active"
"solitaire-round-side-diamonds","","","","","","","","Metal Color","18K Rose Gold","Diamond Type","1.50ct","Ring Size","EU 52","SOLITAIRE-ROUND-SIDE-DIAMONDS-RG-150-EU52","0","","continue","manual","1610.00","","true","true","","","","","false","","","","unisex","adult","","new","true","","","","","","","g","","","true","active"
"solitaire-round-side-diamonds","","","","","","","","Metal Color","18K Rose Gold","Diamond Type","1.50ct","Ring Size","EU 54","SOLITAIRE-ROUND-SIDE-DIAMONDS-RG-150-EU54","0","","continue","manual","1610.00","","true","true","","","","","false","","","","unisex","adult","","new","true","","","","","","","g","","","true","active"
"solitaire-round-side-diamonds","","","","","","","","Metal Color","18K Rose Gold","Diamond Type","1.50ct","Ring Size","EU 56","SOLITAIRE-ROUND-SIDE-DIAMONDS-RG-150-EU56","0","","continue","manual","1610.00","","true","true","","","","","false","","","","unisex","adult","","new","true","","","","","","","g","","","true","active"
"solitaire-round-side-diamonds","","","","","","","","Metal Color","18K Rose Gold","Diamond Type","1.50ct","Ring Size","EU 58","SOLITAIRE-ROUND-SIDE-DIAMONDS-RG-150-EU58","0","","continue","manual","1610.00","","true","true","","","","","false","","","","unisex","adult","","new","true","","","","","","","g","","","true","active"
"solitaire-round-side-diamonds","","","","","","","","Metal Color","18K Rose Gold","Diamond Type","1.50ct","Ring Size","EU 60","SOLITAIRE-ROUND-SIDE-DIAMONDS-RG-150-EU60","0","","continue","manual","1610.00","","true","true","","","","","false","","","","unisex","adult","","new","true","","","","","","","g","","","true","active"
"solitaire-round-side-diamonds","","","","","","","","Metal Color","18K Rose Gold","Diamond Type","Natural Diamond","Ring Size","EU 48","SOLITAIRE-ROUND-SIDE-DIAMONDS-RG-Natural-Diamond-EU48","0","","continue","manual","3360.00","","true","true","","","","","false","","","","unisex","adult","","new","true","","","","","","","g","","","true","active"
"solitaire-round-side-diamonds","","","","","","","","Metal Color","18K Rose Gold","Diamond Type","Natural Diamond","Ring Size","EU 50","SOLITAIRE-ROUND-SIDE-DIAMONDS-RG-Natural-Diamond-EU50","0","","continue","manual","3360.00","","true","true","","","","","false","","","","unisex","adult","","new","true","","","","","","","g","","","true","active"
"solitaire-round-side-diamonds","","","","","","","","Metal Color","18K Rose Gold","Diamond Type","Natural Diamond","Ring Size","EU 52","SOLITAIRE-ROUND-SIDE-DIAMONDS-RG-Natural-Diamond-EU52","0","","continue","manual","3360.00","","true","true","","","","","false","","","","unisex","adult","","new","true","","","","","","","g","","","true","active"
"solitaire-round-side-diamonds","","","","","","","","Metal Color","18K Rose Gold","Diamond Type","Natural Diamond","Ring Size","EU 54","SOLITAIRE-ROUND-SIDE-DIAMONDS-RG-Natural-Diamond-EU54","0","","continue","manual","3360.00","","true","true","","","","","false","","","","unisex","adult","","new","true","","","","","","","g","","","true","active"
"solitaire-round-side-diamonds","","","","","","","","Metal Color","18K Rose Gold","Diamond Type","Natural Diamond","Ring Size","EU 56","SOLITAIRE-ROUND-SIDE-DIAMONDS-RG-Natural-Diamond-EU56","0","","continue","manual","3360.00","","true","true","","","","","false","","","","unisex","adult","","new","true","","","","","","","g","","","true","active"
"solitaire-round-side-diamonds","","","","","","","","Metal Color","18K Rose Gold","Diamond Type","Natural Diamond","Ring Size","EU 58","SOLITAIRE-ROUND-SIDE-DIAMONDS-RG-Natural-Diamond-EU58","0","","continue","manual","3360.00","","true","true","","","","","false","","","","unisex","adult","","new","true","","","","","","","g","","","true","active"
"solitaire-round-side-diamonds","","","","","","","","Metal Color","18K Rose Gold","Diamond Type","Natural Diamond","Ring Size","EU 60","SOLITAIRE-ROUND-SIDE-DIAMONDS-RG-Natural-Diamond-EU60","0","","continue","manual","3360.00","","true","true","","","","","false","","","","unisex","adult","","new","true","","","","","","","g","","","true","active"
"solitaire-emerald-side-diamonds","Solitaire Ring with Emerald Shape and Side Diamond","<p>Sophisticated solitaire ring with emerald cut diamond and side diamonds</p>","Diamonds by CS","Jewelry & Watches > Jewelry > Rings","Engagement Ring","engagement-ring, solitaire, emerald, with-side-diamonds, lab-grown-diamond","true","Metal Color","18K Yellow Gold","Diamond Type","0.50ct","Ring Size","EU 48","SOLITAIRE-EMERALD-SIDE-DIAMONDS-YG-050-EU48","0","","continue","manual","1150.00","","true","true","","","","","false","","","","unisex","adult","","new","true","","","","","","","g","","","true","active"
"solitaire-emerald-side-diamonds","","","","","","","","Metal Color","18K Yellow Gold","Diamond Type","0.50ct","Ring Size","EU 50","SOLITAIRE-EMERALD-SIDE-DIAMONDS-YG-050-EU50","0","","continue","manual","1150.00","","true","true","","","","","false","","","","unisex","adult","","new","true","","","","","","","g","","","true","active"
"solitaire-emerald-side-diamonds","","","","","","","","Metal Color","18K Yellow Gold","Diamond Type","0.50ct","Ring Size","EU 52","SOLITAIRE-EMERALD-SIDE-DIAMONDS-YG-050-EU52","0","","continue","manual","1150.00","","true","true","","","","","false","","","","unisex","adult","","new","true","","","","","","","g","","","true","active"
"solitaire-emerald-side-diamonds","","","","","","","","Metal Color","18K Yellow Gold","Diamond Type","0.50ct","Ring Size","EU 54","SOLITAIRE-EMERALD-SIDE-DIAMONDS-YG-050-EU54","0","","continue","manual","1150.00","","true","true","","","","","false","","","","unisex","adult","","new","true","","","","","","","g","","","true","active"
"solitaire-emerald-side-diamonds","","","","","","","","Metal Color","18K Yellow Gold","Diamond Type","0.50ct","Ring Size","EU 56","SOLITAIRE-EMERALD-SIDE-DIAMONDS-YG-050-EU56","0","","continue","manual","1150.00","","true","true","","","","","false","","","","unisex","adult","","new","true","","","","","","","g","","","true","active"
"solitaire-emerald-side-diamonds","","","","","","","","Metal Color","18K Yellow Gold","Diamond Type","0.50ct","Ring Size","EU 58","SOLITAIRE-EMERALD-SIDE-DIAMONDS-YG-050-EU58","0","","continue","manual","1150.00","","true","true","","","","","false","","","","unisex","adult","","new","true","","","","","","","g","","","true","active"
"solitaire-emerald-side-diamonds","","","","","","","","Metal Color","18K Yellow Gold","Diamond Type","0.50ct","Ring Size","EU 60","SOLITAIRE-EMERALD-SIDE-DIAMONDS-YG-050-EU60","0","","continue","manual","1150.00","","true","true","","","","","false","","","","unisex","adult","","new","true","","","","","","","g","","","true","active"
"solitaire-emerald-side-diamonds","","","","","","","","Metal Color","18K Yellow Gold","Diamond Type","1.00ct","Ring Size","EU 48","SOLITAIRE-EMERALD-SIDE-DIAMONDS-YG-100-EU48","0","","continue","manual","1350.00","","true","true","","","","","false","","","","unisex","adult","","new","true","","","","","","","g","","","true","active"
"solitaire-emerald-side-diamonds","","","","","","","","Metal Color","18K Yellow Gold","Diamond Type","1.00ct","Ring Size","EU 50","SOLITAIRE-EMERALD-SIDE-DIAMONDS-YG-100-EU50","0","","continue","manual","1350.00","","true","true","","","","","false","","","","unisex","adult","","new","true","","","","","","","g","","","true","active"
"solitaire-emerald-side-diamonds","","","","","","","","Metal Color","18K Yellow Gold","Diamond Type","1.00ct","Ring Size","EU 52","SOLITAIRE-EMERALD-SIDE-DIAMONDS-YG-100-EU52","0","","continue","manual","1350.00","","true","true","","","","","false","","","","unisex","adult","","new","true","","","","","","","g","","","true","active"
"solitaire-emerald-side-diamonds","","","","","","","","Metal Color","18K Yellow Gold","Diamond Type","1.00ct","Ring Size","EU 54","SOLITAIRE-EMERALD-SIDE-DIAMONDS-YG-100-EU54","0","","continue","manual","1350.00","","true","true","","","","","false","","","","unisex","adult","","new","true","","","","","","","g","","","true","active"
"solitaire-emerald-side-diamonds","","","","","","","","Metal Color","18K Yellow Gold","Diamond Type","1.00ct","Ring Size","EU 56","SOLITAIRE-EMERALD-SIDE-DIAMONDS-YG-100-EU56","0","","continue","manual","1350.00","","true","true","","","","","false","","","","unisex","adult","","new","true","","","","","","","g","","","true","active"
"solitaire-emerald-side-diamonds","","","","","","","","Metal Color","18K Yellow Gold","Diamond Type","1.00ct","Ring Size","EU 58","SOLITAIRE-EMERALD-SIDE-DIAMONDS-YG-100-EU58","0","","continue","manual","1350.00","","true","true","","","","","false","","","","unisex","adult","","new","true","","","","","","","g","","","true","active"
"solitaire-emerald-side-diamonds","","","","","","","","Metal Color","18K Yellow Gold","Diamond Type","1.00ct","Ring Size","EU 60","SOLITAIRE-EMERALD-SIDE-DIAMONDS-YG-100-EU60","0","","continue","manual","1350.00","","true","true","","","","","false","","","","unisex","adult","","new","true","","","","","","","g","","","true","active"
"solitaire-emerald-side-diamonds","","","","","","","","Metal Color","18K Yellow Gold","Diamond Type","1.50ct","Ring Size","EU 48","SOLITAIRE-EMERALD-SIDE-DIAMONDS-YG-150-EU48","0","","continue","manual","1610.00","","true","true","","","","","false","","","","unisex","adult","","new","true","","","","","","","g","","","true","active"
"solitaire-emerald-side-diamonds","","","","","","","","Metal Color","18K Yellow Gold","Diamond Type","1.50ct","Ring Size","EU 50","SOLITAIRE-EMERALD-SIDE-DIAMONDS-YG-150-EU50","0","","continue","manual","1610.00","","true","true","","","","","false","","","","unisex","adult","","new","true","","","","","","","g","","","true","active"
"solitaire-emerald-side-diamonds","","","","","","","","Metal Color","18K Yellow Gold","Diamond Type","1.50ct","Ring Size","EU 52","SOLITAIRE-EMERALD-SIDE-DIAMONDS-YG-150-EU52","0","","continue","manual","1610.00","","true","true","","","","","false","","","","unisex","adult","","new","true","","","","","","","g","","","true","active"
"solitaire-emerald-side-diamonds","","","","","","","","Metal Color","18K Yellow Gold","Diamond Type","1.50ct","Ring Size","EU 54","SOLITAIRE-EMERALD-SIDE-DIAMONDS-YG-150-EU54","0","","continue","manual","1610.00","","true","true","","","","","false","","","","unisex","adult","","new","true","","","","","","","g","","","true","active"
"solitaire-emerald-side-diamonds","","","","","","","","Metal Color","18K Yellow Gold","Diamond Type","1.50ct","Ring Size","EU 56","SOLITAIRE-EMERALD-SIDE-DIAMONDS-YG-150-EU56","0","","continue","manual","1610.00","","true","true","","","","","false","","","","unisex","adult","","new","true","","","","","","","g","","","true","active"
"solitaire-emerald-side-diamonds","","","","","","","","Metal Color","18K Yellow Gold","Diamond Type","1.50ct","Ring Size","EU 58","SOLITAIRE-EMERALD-SIDE-DIAMONDS-YG-150-EU58","0","","continue","manual","1610.00","","true","true","","","","","false","","","","unisex","adult","","new","true","","","","","","","g","","","true","active"
"solitaire-emerald-side-diamonds","","","","","","","","Metal Color","18K Yellow Gold","Diamond Type","1.50ct","Ring Size","EU 60","SOLITAIRE-EMERALD-SIDE-DIAMONDS-YG-150-EU60","0","","continue","manual","1610.00","","true","true","","","","","false","","","","unisex","adult","","new","true","","","","","","","g","","","true","active"
"solitaire-emerald-side-diamonds","","","","","","","","Metal Color","18K Yellow Gold","Diamond Type","Natural Diamond","Ring Size","EU 48","SOLITAIRE-EMERALD-SIDE-DIAMONDS-YG-Natural-Diamond-EU48","0","","continue","manual","3360.00","","true","true","","","","","false","","","","unisex","adult","","new","true","","","","","","","g","","","true","active"
"solitaire-emerald-side-diamonds","","","","","","","","Metal Color","18K Yellow Gold","Diamond Type","Natural Diamond","Ring Size","EU 50","SOLITAIRE-EMERALD-SIDE-DIAMONDS-YG-Natural-Diamond-EU50","0","","continue","manual","3360.00","","true","true","","","","","false","","","","unisex","adult","","new","true","","","","","","","g","","","true","active"
"solitaire-emerald-side-diamonds","","","","","","","","Metal Color","18K Yellow Gold","Diamond Type","Natural Diamond","Ring Size","EU 52","SOLITAIRE-EMERALD-SIDE-DIAMONDS-YG-Natural-Diamond-EU52","0","","continue","manual","3360.00","","true","true","","","","","false","","","","unisex","adult","","new","true","","","","","","","g","","","true","active"
"solitaire-emerald-side-diamonds","","","","","","","","Metal Color","18K Yellow Gold","Diamond Type","Natural Diamond","Ring Size","EU 54","SOLITAIRE-EMERALD-SIDE-DIAMONDS-YG-Natural-Diamond-EU54","0","","continue","manual","3360.00","","true","true","","","","","false","","","","unisex","adult","","new","true","","","","","","","g","","","true","active"
"solitaire-emerald-side-diamonds","","","","","","","","Metal Color","18K Yellow Gold","Diamond Type","Natural Diamond","Ring Size","EU 56","SOLITAIRE-EMERALD-SIDE-DIAMONDS-YG-Natural-Diamond-EU56","0","","continue","manual","3360.00","","true","true","","","","","false","","","","unisex","adult","","new","true","","","","","","","g","","","true","active"
"solitaire-emerald-side-diamonds","","","","","","","","Metal Color","18K Yellow Gold","Diamond Type","Natural Diamond","Ring Size","EU 58","SOLITAIRE-EMERALD-SIDE-DIAMONDS-YG-Natural-Diamond-EU58","0","","continue","manual","3360.00","","true","true","","","","","false","","","","unisex","adult","","new","true","","","","","","","g","","","true","active"
"solitaire-emerald-side-diamonds","","","","","","","","Metal Color","18K Yellow Gold","Diamond Type","Natural Diamond","Ring Size","EU 60","SOLITAIRE-EMERALD-SIDE-DIAMONDS-YG-Natural-Diamond-EU60","0","","continue","manual","3360.00","","true","true","","","","","false","","","","unisex","adult","","new","true","","","","","","","g","","","true","active"
"solitaire-emerald-side-diamonds","","","","","","","","Metal Color","18K White Gold","Diamond Type","0.50ct","Ring Size","EU 48","SOLITAIRE-EMERALD-SIDE-DIAMONDS-WG-050-EU48","0","","continue","manual","1150.00","","true","true","","","","","false","","","","unisex","adult","","new","true","","","","","","","g","","","true","active"
"solitaire-emerald-side-diamonds","","","","","","","","Metal Color","18K White Gold","Diamond Type","0.50ct","Ring Size","EU 50","SOLITAIRE-EMERALD-SIDE-DIAMONDS-WG-050-EU50","0","","continue","manual","1150.00","","true","true","","","","","false","","","","unisex","adult","","new","true","","","","","","","g","","","true","active"
"solitaire-emerald-side-diamonds","","","","","","","","Metal Color","18K White Gold","Diamond Type","0.50ct","Ring Size","EU 52","SOLITAIRE-EMERALD-SIDE-DIAMONDS-WG-050-EU52","0","","continue","manual","1150.00","","true","true","","","","","false","","","","unisex","adult","","new","true","","","","","","","g","","","true","active"
"solitaire-emerald-side-diamonds","","","","","","","","Metal Color","18K White Gold","Diamond Type","0.50ct","Ring Size","EU 54","SOLITAIRE-EMERALD-SIDE-DIAMONDS-WG-050-EU54","0","","continue","manual","1150.00","","true","true","","","","","false","","","","unisex","adult","","new","true","","","","","","","g","","","true","active"
"solitaire-emerald-side-diamonds","","","","","","","","Metal Color","18K White Gold","Diamond Type","0.50ct","Ring Size","EU 56","SOLITAIRE-EMERALD-SIDE-DIAMONDS-WG-050-EU56","0","","continue","manual","1150.00","","true","true","","","","","false","","","","unisex","adult","","new","true","","","","","","","g","","","true","active"
"solitaire-emerald-side-diamonds","","","","","","","","Metal Color","18K White Gold","Diamond Type","0.50ct","Ring Size","EU 58","SOLITAIRE-EMERALD-SIDE-DIAMONDS-WG-050-EU58","0","","continue","manual","1150.00","","true","true","","","","","false","","","","unisex","adult","","new","true","","","","","","","g","","","true","active"
"solitaire-emerald-side-diamonds","","","","","","","","Metal Color","18K White Gold","Diamond Type","0.50ct","Ring Size","EU 60","SOLITAIRE-EMERALD-SIDE-DIAMONDS-WG-050-EU60","0","","continue","manual","1150.00","","true","true","","","","","false","","","","unisex","adult","","new","true","","","","","","","g","","","true","active"
"solitaire-emerald-side-diamonds","","","","","","","","Metal Color","18K White Gold","Diamond Type","1.00ct","Ring Size","EU 48","SOLITAIRE-EMERALD-SIDE-DIAMONDS-WG-100-EU48","0","","continue","manual","1350.00","","true","true","","","","","false","","","","unisex","adult","","new","true","","","","","","","g","","","true","active"
"solitaire-emerald-side-diamonds","","","","","","","","Metal Color","18K White Gold","Diamond Type","1.00ct","Ring Size","EU 50","SOLITAIRE-EMERALD-SIDE-DIAMONDS-WG-100-EU50","0","","continue","manual","1350.00","","true","true","","","","","false","","","","unisex","adult","","new","true","","","","","","","g","","","true","active"
"solitaire-emerald-side-diamonds","","","","","","","","Metal Color","18K White Gold","Diamond Type","1.00ct","Ring Size","EU 52","SOLITAIRE-EMERALD-SIDE-DIAMONDS-WG-100-EU52","0","","continue","manual","1350.00","","true","true","","","","","false","","","","unisex","adult","","new","true","","","","","","","g","","","true","active"
"solitaire-emerald-side-diamonds","","","","","","","","Metal Color","18K White Gold","Diamond Type","1.00ct","Ring Size","EU 54","SOLITAIRE-EMERALD-SIDE-DIAMONDS-WG-100-EU54","0","","continue","manual","1350.00","","true","true","","","","","false","","","","unisex","adult","","new","true","","","","","","","g","","","true","active"
"solitaire-emerald-side-diamonds","","","","","","","","Metal Color","18K White Gold","Diamond Type","1.00ct","Ring Size","EU 56","SOLITAIRE-EMERALD-SIDE-DIAMONDS-WG-100-EU56","0","","continue","manual","1350.00","","true","true","","","","","false","","","","unisex","adult","","new","true","","","","","","","g","","","true","active"
"solitaire-emerald-side-diamonds","","","","","","","","Metal Color","18K White Gold","Diamond Type","1.00ct","Ring Size","EU 58","SOLITAIRE-EMERALD-SIDE-DIAMONDS-WG-100-EU58","0","","continue","manual","1350.00","","true","true","","","","","false","","","","unisex","adult","","new","true","","","","","","","g","","","true","active"
"solitaire-emerald-side-diamonds","","","","","","","","Metal Color","18K White Gold","Diamond Type","1.00ct","Ring Size","EU 60","SOLITAIRE-EMERALD-SIDE-DIAMONDS-WG-100-EU60","0","","continue","manual","1350.00","","true","true","","","","","false","","","","unisex","adult","","new","true","","","","","","","g","","","true","active"
"solitaire-emerald-side-diamonds","","","","","","","","Metal Color","18K White Gold","Diamond Type","1.50ct","Ring Size","EU 48","SOLITAIRE-EMERALD-SIDE-DIAMONDS-WG-150-EU48","0","","continue","manual","1610.00","","true","true","","","","","false","","","","unisex","adult","","new","true","","","","","","","g","","","true","active"
"solitaire-emerald-side-diamonds","","","","","","","","Metal Color","18K White Gold","Diamond Type","1.50ct","Ring Size","EU 50","SOLITAIRE-EMERALD-SIDE-DIAMONDS-WG-150-EU50","0","","continue","manual","1610.00","","true","true","","","","","false","","","","unisex","adult","","new","true","","","","","","","g","","","true","active"
"solitaire-emerald-side-diamonds","","","","","","","","Metal Color","18K White Gold","Diamond Type","1.50ct","Ring Size","EU 52","SOLITAIRE-EMERALD-SIDE-DIAMONDS-WG-150-EU52","0","","continue","manual","1610.00","","true","true","","","","","false","","","","unisex","adult","","new","true","","","","","","","g","","","true","active"
"solitaire-emerald-side-diamonds","","","","","","","","Metal Color","18K White Gold","Diamond Type","1.50ct","Ring Size","EU 54","SOLITAIRE-EMERALD-SIDE-DIAMONDS-WG-150-EU54","0","","continue","manual","1610.00","","true","true","","","","","false","","","","unisex","adult","","new","true","","","","","","","g","","","true","active"
"solitaire-emerald-side-diamonds","","","","","","","","Metal Color","18K White Gold","Diamond Type","1.50ct","Ring Size","EU 56","SOLITAIRE-EMERALD-SIDE-DIAMONDS-WG-150-EU56","0","","continue","manual","1610.00","","true","true","","","","","false","","","","unisex","adult","","new","true","","","","","","","g","","","true","active"
"solitaire-emerald-side-diamonds","","","","","","","","Metal Color","18K White Gold","Diamond Type","1.50ct","Ring Size","EU 58","SOLITAIRE-EMERALD-SIDE-DIAMONDS-WG-150-EU58","0","","continue","manual","1610.00","","true","true","","","","","false","","","","unisex","adult","","new","true","","","","","","","g","","","true","active"
"solitaire-emerald-side-diamonds","","","","","","","","Metal Color","18K White Gold","Diamond Type","1.50ct","Ring Size","EU 60","SOLITAIRE-EMERALD-SIDE-DIAMONDS-WG-150-EU60","0","","continue","manual","1610.00","","true","true","","","","","false","","","","unisex","adult","","new","true","","","","","","","g","","","true","active"
"solitaire-emerald-side-diamonds","","","","","","","","Metal Color","18K White Gold","Diamond Type","Natural Diamond","Ring Size","EU 48","SOLITAIRE-EMERALD-SIDE-DIAMONDS-WG-Natural-Diamond-EU48","0","","continue","manual","3360.00","","true","true","","","","","false","","","","unisex","adult","","new","true","","","","","","","g","","","true","active"
"solitaire-emerald-side-diamonds","","","","","","","","Metal Color","18K White Gold","Diamond Type","Natural Diamond","Ring Size","EU 50","SOLITAIRE-EMERALD-SIDE-DIAMONDS-WG-Natural-Diamond-EU50","0","","continue","manual","3360.00","","true","true","","","","","false","","","","unisex","adult","","new","true","","","","","","","g","","","true","active"
"solitaire-emerald-side-diamonds","","","","","","","","Metal Color","18K White Gold","Diamond Type","Natural Diamond","Ring Size","EU 52","SOLITAIRE-EMERALD-SIDE-DIAMONDS-WG-Natural-Diamond-EU52","0","","continue","manual","3360.00","","true","true","","","","","false","","","","unisex","adult","","new","true","","","","","","","g","","","true","active"
"solitaire-emerald-side-diamonds","","","","","","","","Metal Color","18K White Gold","Diamond Type","Natural Diamond","Ring Size","EU 54","SOLITAIRE-EMERALD-SIDE-DIAMONDS-WG-Natural-Diamond-EU54","0","","continue","manual","3360.00","","true","true","","","","","false","","","","unisex","adult","","new","true","","","","","","","g","","","true","active"
"solitaire-emerald-side-diamonds","","","","","","","","Metal Color","18K White Gold","Diamond Type","Natural Diamond","Ring Size","EU 56","SOLITAIRE-EMERALD-SIDE-DIAMONDS-WG-Natural-Diamond-EU56","0","","continue","manual","3360.00","","true","true","","","","","false","","","","unisex","adult","","new","true","","","","","","","g","","","true","active"
"solitaire-emerald-side-diamonds","","","","","","","","Metal Color","18K White Gold","Diamond Type","Natural Diamond","Ring Size","EU 58","SOLITAIRE-EMERALD-SIDE-DIAMONDS-WG-Natural-Diamond-EU58","0","","continue","manual","3360.00","","true","true","","","","","false","","","","unisex","adult","","new","true","","","","","","","g","","","true","active"
"solitaire-emerald-side-diamonds","","","","","","","","Metal Color","18K White Gold","Diamond Type","Natural Diamond","Ring Size","EU 60","SOLITAIRE-EMERALD-SIDE-DIAMONDS-WG-Natural-Diamond-EU60","0","","continue","manual","3360.00","","true","true","","","","","false","","","","unisex","adult","","new","true","","","","","","","g","","","true","active"
"solitaire-emerald-side-diamonds","","","","","","","","Metal Color","18K Rose Gold","Diamond Type","0.50ct","Ring Size","EU 48","SOLITAIRE-EMERALD-SIDE-DIAMONDS-RG-050-EU48","0","","continue","manual","1150.00","","true","true","","","","","false","","","","unisex","adult","","new","true","","","","","","","g","","","true","active"
"solitaire-emerald-side-diamonds","","","","","","","","Metal Color","18K Rose Gold","Diamond Type","0.50ct","Ring Size","EU 50","SOLITAIRE-EMERALD-SIDE-DIAMONDS-RG-050-EU50","0","","continue","manual","1150.00","","true","true","","","","","false","","","","unisex","adult","","new","true","","","","","","","g","","","true","active"
"solitaire-emerald-side-diamonds","","","","","","","","Metal Color","18K Rose Gold","Diamond Type","0.50ct","Ring Size","EU 52","SOLITAIRE-EMERALD-SIDE-DIAMONDS-RG-050-EU52","0","","continue","manual","1150.00","","true","true","","","","","false","","","","unisex","adult","","new","true","","","","","","","g","","","true","active"
"solitaire-emerald-side-diamonds","","","","","","","","Metal Color","18K Rose Gold","Diamond Type","0.50ct","Ring Size","EU 54","SOLITAIRE-EMERALD-SIDE-DIAMONDS-RG-050-EU54","0","","continue","manual","1150.00","","true","true","","","","","false","","","","unisex","adult","","new","true","","","","","","","g","","","true","active"
"solitaire-emerald-side-diamonds","","","","","","","","Metal Color","18K Rose Gold","Diamond Type","0.50ct","Ring Size","EU 56","SOLITAIRE-EMERALD-SIDE-DIAMONDS-RG-050-EU56","0","","continue","manual","1150.00","","true","true","","","","","false","","","","unisex","adult","","new","true","","","","","","","g","","","true","active"
"solitaire-emerald-side-diamonds","","","","","","","","Metal Color","18K Rose Gold","Diamond Type","0.50ct","Ring Size","EU 58","SOLITAIRE-EMERALD-SIDE-DIAMONDS-RG-050-EU58","0","","continue","manual","1150.00","","true","true","","","","","false","","","","unisex","adult","","new","true","","","","","","","g","","","true","active"
"solitaire-emerald-side-diamonds","","","","","","","","Metal Color","18K Rose Gold","Diamond Type","0.50ct","Ring Size","EU 60","SOLITAIRE-EMERALD-SIDE-DIAMONDS-RG-050-EU60","0","","continue","manual","1150.00","","true","true","","","","","false","","","","unisex","adult","","new","true","","","","","","","g","","","true","active"
"solitaire-emerald-side-diamonds","","","","","","","","Metal Color","18K Rose Gold","Diamond Type","1.00ct","Ring Size","EU 48","SOLITAIRE-EMERALD-SIDE-DIAMONDS-RG-100-EU48","0","","continue","manual","1350.00","","true","true","","","","","false","","","","unisex","adult","","new","true","","","","","","","g","","","true","active"
"solitaire-emerald-side-diamonds","","","","","","","","Metal Color","18K Rose Gold","Diamond Type","1.00ct","Ring Size","EU 50","SOLITAIRE-EMERALD-SIDE-DIAMONDS-RG-100-EU50","0","","continue","manual","1350.00","","true","true","","","","","false","","","","unisex","adult","","new","true","","","","","","","g","","","true","active"
"solitaire-emerald-side-diamonds","","","","","","","","Metal Color","18K Rose Gold","Diamond Type","1.00ct","Ring Size","EU 52","SOLITAIRE-EMERALD-SIDE-DIAMONDS-RG-100-EU52","0","","continue","manual","1350.00","","true","true","","","","","false","","","","unisex","adult","","new","true","","","","","","","g","","","true","active"
"solitaire-emerald-side-diamonds","","","","","","","","Metal Color","18K Rose Gold","Diamond Type","1.00ct","Ring Size","EU 54","SOLITAIRE-EMERALD-SIDE-DIAMONDS-RG-100-EU54","0","","continue","manual","1350.00","","true","true","","","","","false","","","","unisex","adult","","new","true","","","","","","","g","","","true","active"
"solitaire-emerald-side-diamonds","","","","","","","","Metal Color","18K Rose Gold","Diamond Type","1.00ct","Ring Size","EU 56","SOLITAIRE-EMERALD-SIDE-DIAMONDS-RG-100-EU56","0","","continue","manual","1350.00","","true","true","","","","","false","","","","unisex","adult","","new","true","","","","","","","g","","","true","active"
"solitaire-emerald-side-diamonds","","","","","","","","Metal Color","18K Rose Gold","Diamond Type","1.00ct","Ring Size","EU 58","SOLITAIRE-EMERALD-SIDE-DIAMONDS-RG-100-EU58","0","","continue","manual","1350.00","","true","true","","","","","false","","","","unisex","adult","","new","true","","","","","","","g","","","true","active"
"solitaire-emerald-side-diamonds","","","","","","","","Metal Color","18K Rose Gold","Diamond Type","1.00ct","Ring Size","EU 60","SOLITAIRE-EMERALD-SIDE-DIAMONDS-RG-100-EU60","0","","continue","manual","1350.00","","true","true","","","","","false","","","","unisex","adult","","new","true","","","","","","","g","","","true","active"
"solitaire-emerald-side-diamonds","","","","","","","","Metal Color","18K Rose Gold","Diamond Type","1.50ct","Ring Size","EU 48","SOLITAIRE-EMERALD-SIDE-DIAMONDS-RG-150-EU48","0","","continue","manual","1610.00","","true","true","","","","","false","","","","unisex","adult","","new","true","","","","","","","g","","","true","active"
"solitaire-emerald-side-diamonds","","","","","","","","Metal Color","18K Rose Gold","Diamond Type","1.50ct","Ring Size","EU 50","SOLITAIRE-EMERALD-SIDE-DIAMONDS-RG-150-EU50","0","","continue","manual","1610.00","","true","true","","","","","false","","","","unisex","adult","","new","true","","","","","","","g","","","true","active"
"solitaire-emerald-side-diamonds","","","","","","","","Metal Color","18K Rose Gold","Diamond Type","1.50ct","Ring Size","EU 52","SOLITAIRE-EMERALD-SIDE-DIAMONDS-RG-150-EU52","0","","continue","manual","1610.00","","true","true","","","","","false","","","","unisex","adult","","new","true","","","","","","","g","","","true","active"
"solitaire-emerald-side-diamonds","","","","","","","","Metal Color","18K Rose Gold","Diamond Type","1.50ct","Ring Size","EU 54","SOLITAIRE-EMERALD-SIDE-DIAMONDS-RG-150-EU54","0","","continue","manual","1610.00","","true","true","","","","","false","","","","unisex","adult","","new","true","","","","","","","g","","","true","active"
"solitaire-emerald-side-diamonds","","","","","","","","Metal Color","18K Rose Gold","Diamond Type","1.50ct","Ring Size","EU 56","SOLITAIRE-EMERALD-SIDE-DIAMONDS-RG-150-EU56","0","","continue","manual","1610.00","","true","true","","","","","false","","","","unisex","adult","","new","true","","","","","","","g","","","true","active"
"solitaire-emerald-side-diamonds","","","","","","","","Metal Color","18K Rose Gold","Diamond Type","1.50ct","Ring Size","EU 58","SOLITAIRE-EMERALD-SIDE-DIAMONDS-RG-150-EU58","0","","continue","manual","1610.00","","true","true","","","","","false","","","","unisex","adult","","new","true","","","","","","","g","","","true","active"
"solitaire-emerald-side-diamonds","","","","","","","","Metal Color","18K Rose Gold","Diamond Type","1.50ct","Ring Size","EU 60","SOLITAIRE-EMERALD-SIDE-DIAMONDS-RG-150-EU60","0","","continue","manual","1610.00","","true","true","","","","","false","","","","unisex","adult","","new","true","","","","","","","g","","","true","active"
"solitaire-emerald-side-diamonds","","","","","","","","Metal Color","18K Rose Gold","Diamond Type","Natural Diamond","Ring Size","EU 48","SOLITAIRE-EMERALD-SIDE-DIAMONDS-RG-Natural-Diamond-EU48","0","","continue","manual","3360.00","","true","true","","","","","false","","","","unisex","adult","","new","true","","","","","","","g","","","true","active"
"solitaire-emerald-side-diamonds","","","","","","","","Metal Color","18K Rose Gold","Diamond Type","Natural Diamond","Ring Size","EU 50","SOLITAIRE-EMERALD-SIDE-DIAMONDS-RG-Natural-Diamond-EU50","0","","continue","manual","3360.00","","true","true","","","","","false","","","","unisex","adult","","new","true","","","","","","","g","","","true","active"
"solitaire-emerald-side-diamonds","","","","","","","","Metal Color","18K Rose Gold","Diamond Type","Natural Diamond","Ring Size","EU 52","SOLITAIRE-EMERALD-SIDE-DIAMONDS-RG-Natural-Diamond-EU52","0","","continue","manual","3360.00","","true","true","","","","","false","","","","unisex","adult","","new","true","","","","","","","g","","","true","active"
"solitaire-emerald-side-diamonds","","","","","","","","Metal Color","18K Rose Gold","Diamond Type","Natural Diamond","Ring Size","EU 54","SOLITAIRE-EMERALD-SIDE-DIAMONDS-RG-Natural-Diamond-EU54","0","","continue","manual","3360.00","","true","true","","","","","false","","","","unisex","adult","","new","true","","","","","","","g","","","true","active"
"solitaire-emerald-side-diamonds","","","","","","","","Metal Color","18K Rose Gold","Diamond Type","Natural Diamond","Ring Size","EU 56","SOLITAIRE-EMERALD-SIDE-DIAMONDS-RG-Natural-Diamond-EU56","0","","continue","manual","3360.00","","true","true","","","","","false","","","","unisex","adult","","new","true","","","","","","","g","","","true","active"
"solitaire-emerald-side-diamonds","","","","","","","","Metal Color","18K Rose Gold","Diamond Type","Natural Diamond","Ring Size","EU 58","SOLITAIRE-EMERALD-SIDE-DIAMONDS-RG-Natural-Diamond-EU58","0","","continue","manual","3360.00","","true","true","","","","","false","","","","unisex","adult","","new","true","","","","","","","g","","","true","active"
"solitaire-emerald-side-diamonds","","","","","","","","Metal Color","18K Rose Gold","Diamond Type","Natural Diamond","Ring Size","EU 60","SOLITAIRE-EMERALD-SIDE-DIAMONDS-RG-Natural-Diamond-EU60","0","","continue","manual","3360.00","","true","true","","","","","false","","","","unisex","adult","","new","true","","","","","","","g","","","true","active"
"halo-cushion-side-diamonds","Halo Ring with Cushion Diamond and Side Diamonds","<p>Stunning halo ring with cushion cut diamond surrounded by smaller diamonds</p>","Diamonds by CS","Jewelry & Watches > Jewelry > Rings","Engagement Ring","engagement-ring, halo, cushion, with-side-diamonds, lab-grown-diamond","true","Metal Color","18K Yellow Gold","Diamond Type","0.50ct","Ring Size","EU 48","HALO-CUSHION-SIDE-DIAMONDS-YG-050-EU48","0","","continue","manual","1150.00","","true","true","","","","","false","","","","unisex","adult","","new","true","","","","","","","g","","","true","active"
"halo-cushion-side-diamonds","","","","","","","","Metal Color","18K Yellow Gold","Diamond Type","0.50ct","Ring Size","EU 50","HALO-CUSHION-SIDE-DIAMONDS-YG-050-EU50","0","","continue","manual","1150.00","","true","true","","","","","false","","","","unisex","adult","","new","true","","","","","","","g","","","true","active"
"halo-cushion-side-diamonds","","","","","","","","Metal Color","18K Yellow Gold","Diamond Type","0.50ct","Ring Size","EU 52","HALO-CUSHION-SIDE-DIAMONDS-YG-050-EU52","0","","continue","manual","1150.00","","true","true","","","","","false","","","","unisex","adult","","new","true","","","","","","","g","","","true","active"
"halo-cushion-side-diamonds","","","","","","","","Metal Color","18K Yellow Gold","Diamond Type","0.50ct","Ring Size","EU 54","HALO-CUSHION-SIDE-DIAMONDS-YG-050-EU54","0","","continue","manual","1150.00","","true","true","","","","","false","","","","unisex","adult","","new","true","","","","","","","g","","","true","active"
"halo-cushion-side-diamonds","","","","","","","","Metal Color","18K Yellow Gold","Diamond Type","0.50ct","Ring Size","EU 56","HALO-CUSHION-SIDE-DIAMONDS-YG-050-EU56","0","","continue","manual","1150.00","","true","true","","","","","false","","","","unisex","adult","","new","true","","","","","","","g","","","true","active"
"halo-cushion-side-diamonds","","","","","","","","Metal Color","18K Yellow Gold","Diamond Type","0.50ct","Ring Size","EU 58","HALO-CUSHION-SIDE-DIAMONDS-YG-050-EU58","0","","continue","manual","1150.00","","true","true","","","","","false","","","","unisex","adult","","new","true","","","","","","","g","","","true","active"
"halo-cushion-side-diamonds","","","","","","","","Metal Color","18K Yellow Gold","Diamond Type","0.50ct","Ring Size","EU 60","HALO-CUSHION-SIDE-DIAMONDS-YG-050-EU60","0","","continue","manual","1150.00","","true","true","","","","","false","","","","unisex","adult","","new","true","","","","","","","g","","","true","active"
"halo-cushion-side-diamonds","","","","","","","","Metal Color","18K Yellow Gold","Diamond Type","1.00ct","Ring Size","EU 48","HALO-CUSHION-SIDE-DIAMONDS-YG-100-EU48","0","","continue","manual","1350.00","","true","true","","","","","false","","","","unisex","adult","","new","true","","","","","","","g","","","true","active"
"halo-cushion-side-diamonds","","","","","","","","Metal Color","18K Yellow Gold","Diamond Type","1.00ct","Ring Size","EU 50","HALO-CUSHION-SIDE-DIAMONDS-YG-100-EU50","0","","continue","manual","1350.00","","true","true","","","","","false","","","","unisex","adult","","new","true","","","","","","","g","","","true","active"
"halo-cushion-side-diamonds","","","","","","","","Metal Color","18K Yellow Gold","Diamond Type","1.00ct","Ring Size","EU 52","HALO-CUSHION-SIDE-DIAMONDS-YG-100-EU52","0","","continue","manual","1350.00","","true","true","","","","","false","","","","unisex","adult","","new","true","","","","","","","g","","","true","active"
"halo-cushion-side-diamonds","","","","","","","","Metal Color","18K Yellow Gold","Diamond Type","1.00ct","Ring Size","EU 54","HALO-CUSHION-SIDE-DIAMONDS-YG-100-EU54","0","","continue","manual","1350.00","","true","true","","","","","false","","","","unisex","adult","","new","true","","","","","","","g","","","true","active"
"halo-cushion-side-diamonds","","","","","","","","Metal Color","18K Yellow Gold","Diamond Type","1.00ct","Ring Size","EU 56","HALO-CUSHION-SIDE-DIAMONDS-YG-100-EU56","0","","continue","manual","1350.00","","true","true","","","","","false","","","","unisex","adult","","new","true","","","","","","","g","","","true","active"
"halo-cushion-side-diamonds","","","","","","","","Metal Color","18K Yellow Gold","Diamond Type","1.00ct","Ring Size","EU 58","HALO-CUSHION-SIDE-DIAMONDS-YG-100-EU58","0","","continue","manual","1350.00","","true","true","","","","","false","","","","unisex","adult","","new","true","","","","","","","g","","","true","active"
"halo-cushion-side-diamonds","","","","","","","","Metal Color","18K Yellow Gold","Diamond Type","1.00ct","Ring Size","EU 60","HALO-CUSHION-SIDE-DIAMONDS-YG-100-EU60","0","","continue","manual","1350.00","","true","true","","","","","false","","","","unisex","adult","","new","true","","","","","","","g","","","true","active"
"halo-cushion-side-diamonds","","","","","","","","Metal Color","18K Yellow Gold","Diamond Type","1.50ct","Ring Size","EU 48","HALO-CUSHION-SIDE-DIAMONDS-YG-150-EU48","0","","continue","manual","1610.00","","true","true","","","","","false","","","","unisex","adult","","new","true","","","","","","","g","","","true","active"
"halo-cushion-side-diamonds","","","","","","","","Metal Color","18K Yellow Gold","Diamond Type","1.50ct","Ring Size","EU 50","HALO-CUSHION-SIDE-DIAMONDS-YG-150-EU50","0","","continue","manual","1610.00","","true","true","","","","","false","","","","unisex","adult","","new","true","","","","","","","g","","","true","active"
"halo-cushion-side-diamonds","","","","","","","","Metal Color","18K Yellow Gold","Diamond Type","1.50ct","Ring Size","EU 52","HALO-CUSHION-SIDE-DIAMONDS-YG-150-EU52","0","","continue","manual","1610.00","","true","true","","","","","false","","","","unisex","adult","","new","true","","","","","","","g","","","true","active"
"halo-cushion-side-diamonds","","","","","","","","Metal Color","18K Yellow Gold","Diamond Type","1.50ct","Ring Size","EU 54","HALO-CUSHION-SIDE-DIAMONDS-YG-150-EU54","0","","continue","manual","1610.00","","true","true","","","","","false","","","","unisex","adult","","new","true","","","","","","","g","","","true","active"
"halo-cushion-side-diamonds","","","","","","","","Metal Color","18K Yellow Gold","Diamond Type","1.50ct","Ring Size","EU 56","HALO-CUSHION-SIDE-DIAMONDS-YG-150-EU56","0","","continue","manual","1610.00","","true","true","","","","","false","","","","unisex","adult","","new","true","","","","","","","g","","","true","active"
"halo-cushion-side-diamonds","","","","","","","","Metal Color","18K Yellow Gold","Diamond Type","1.50ct","Ring Size","EU 58","HALO-CUSHION-SIDE-DIAMONDS-YG-150-EU58","0","","continue","manual","1610.00","","true","true","","","","","false","","","","unisex","adult","","new","true","","","","","","","g","","","true","active"
"halo-cushion-side-diamonds","","","","","","","","Metal Color","18K Yellow Gold","Diamond Type","1.50ct","Ring Size","EU 60","HALO-CUSHION-SIDE-DIAMONDS-YG-150-EU60","0","","continue","manual","1610.00","","true","true","","","","","false","","","","unisex","adult","","new","true","","","","","","","g","","","true","active"
"halo-cushion-side-diamonds","","","","","","","","Metal Color","18K Yellow Gold","Diamond Type","Natural Diamond","Ring Size","EU 48","HALO-CUSHION-SIDE-DIAMONDS-YG-Natural-Diamond-EU48","0","","continue","manual","3360.00","","true","true","","","","","false","","","","unisex","adult","","new","true","","","","","","","g","","","true","active"
"halo-cushion-side-diamonds","","","","","","","","Metal Color","18K Yellow Gold","Diamond Type","Natural Diamond","Ring Size","EU 50","HALO-CUSHION-SIDE-DIAMONDS-YG-Natural-Diamond-EU50","0","","continue","manual","3360.00","","true","true","","","","","false","","","","unisex","adult","","new","true","","","","","","","g","","","true","active"
"halo-cushion-side-diamonds","","","","","","","","Metal Color","18K Yellow Gold","Diamond Type","Natural Diamond","Ring Size","EU 52","HALO-CUSHION-SIDE-DIAMONDS-YG-Natural-Diamond-EU52","0","","continue","manual","3360.00","","true","true","","","","","false","","","","unisex","adult","","new","true","","","","","","","g","","","true","active"
"halo-cushion-side-diamonds","","","","","","","","Metal Color","18K Yellow Gold","Diamond Type","Natural Diamond","Ring Size","EU 54","HALO-CUSHION-SIDE-DIAMONDS-YG-Natural-Diamond-EU54","0","","continue","manual","3360.00","","true","true","","","","","false","","","","unisex","adult","","new","true","","","","","","","g","","","true","active"
"halo-cushion-side-diamonds","","","","","","","","Metal Color","18K Yellow Gold","Diamond Type","Natural Diamond","Ring Size","EU 56","HALO-CUSHION-SIDE-DIAMONDS-YG-Natural-Diamond-EU56","0","","continue","manual","3360.00","","true","true","","","","","false","","","","unisex","adult","","new","true","","","","","","","g","","","true","active"
"halo-cushion-side-diamonds","","","","","","","","Metal Color","18K Yellow Gold","Diamond Type","Natural Diamond","Ring Size","EU 58","HALO-CUSHION-SIDE-DIAMONDS-YG-Natural-Diamond-EU58","0","","continue","manual","3360.00","","true","true","","","","","false","","","","unisex","adult","","new","true","","","","","","","g","","","true","active"
"halo-cushion-side-diamonds","","","","","","","","Metal Color","18K Yellow Gold","Diamond Type","Natural Diamond","Ring Size","EU 60","HALO-CUSHION-SIDE-DIAMONDS-YG-Natural-Diamond-EU60","0","","continue","manual","3360.00","","true","true","","","","","false","","","","unisex","adult","","new","true","","","","","","","g","","","true","active"
"halo-cushion-side-diamonds","","","","","","","","Metal Color","18K White Gold","Diamond Type","0.50ct","Ring Size","EU 48","HALO-CUSHION-SIDE-DIAMONDS-WG-050-EU48","0","","continue","manual","1150.00","","true","true","","","","","false","","","","unisex","adult","","new","true","","","","","","","g","","","true","active"
"halo-cushion-side-diamonds","","","","","","","","Metal Color","18K White Gold","Diamond Type","0.50ct","Ring Size","EU 50","HALO-CUSHION-SIDE-DIAMONDS-WG-050-EU50","0","","continue","manual","1150.00","","true","true","","","","","false","","","","unisex","adult","","new","true","","","","","","","g","","","true","active"
"halo-cushion-side-diamonds","","","","","","","","Metal Color","18K White Gold","Diamond Type","0.50ct","Ring Size","EU 52","HALO-CUSHION-SIDE-DIAMONDS-WG-050-EU52","0","","continue","manual","1150.00","","true","true","","","","","false","","","","unisex","adult","","new","true","","","","","","","g","","","true","active"
"halo-cushion-side-diamonds","","","","","","","","Metal Color","18K White Gold","Diamond Type","0.50ct","Ring Size","EU 54","HALO-CUSHION-SIDE-DIAMONDS-WG-050-EU54","0","","continue","manual","1150.00","","true","true","","","","","false","","","","unisex","adult","","new","true","","","","","","","g","","","true","active"
"halo-cushion-side-diamonds","","","","","","","","Metal Color","18K White Gold","Diamond Type","0.50ct","Ring Size","EU 56","HALO-CUSHION-SIDE-DIAMONDS-WG-050-EU56","0","","continue","manual","1150.00","","true","true","","","","","false","","","","unisex","adult","","new","true","","","","","","","g","","","true","active"
"halo-cushion-side-diamonds","","","","","","","","Metal Color","18K White Gold","Diamond Type","0.50ct","Ring Size","EU 58","HALO-CUSHION-SIDE-DIAMONDS-WG-050-EU58","0","","continue","manual","1150.00","","true","true","","","","","false","","","","unisex","adult","","new","true","","","","","","","g","","","true","active"
"halo-cushion-side-diamonds","","","","","","","","Metal Color","18K White Gold","Diamond Type","0.50ct","Ring Size","EU 60","HALO-CUSHION-SIDE-DIAMONDS-WG-050-EU60","0","","continue","manual","1150.00","","true","true","","","","","false","","","","unisex","adult","","new","true","","","","","","","g","","","true","active"
"halo-cushion-side-diamonds","","","","","","","","Metal Color","18K White Gold","Diamond Type","1.00ct","Ring Size","EU 48","HALO-CUSHION-SIDE-DIAMONDS-WG-100-EU48","0","","continue","manual","1350.00","","true","true","","","","","false","","","","unisex","adult","","new","true","","","","","","","g","","","true","active"
"halo-cushion-side-diamonds","","","","","","","","Metal Color","18K White Gold","Diamond Type","1.00ct","Ring Size","EU 50","HALO-CUSHION-SIDE-DIAMONDS-WG-100-EU50","0","","continue","manual","1350.00","","true","true","","","","","false","","","","unisex","adult","","new","true","","","","","","","g","","","true","active"
"halo-cushion-side-diamonds","","","","","","","","Metal Color","18K White Gold","Diamond Type","1.00ct","Ring Size","EU 52","HALO-CUSHION-SIDE-DIAMONDS-WG-100-EU52","0","","continue","manual","1350.00","","true","true","","","","","false","","","","unisex","adult","","new","true","","","","","","","g","","","true","active"
"halo-cushion-side-diamonds","","","","","","","","Metal Color","18K White Gold","Diamond Type","1.00ct","Ring Size","EU 54","HALO-CUSHION-SIDE-DIAMONDS-WG-100-EU54","0","","continue","manual","1350.00","","true","true","","","","","false","","","","unisex","adult","","new","true","","","","","","","g","","","true","active"
"halo-cushion-side-diamonds","","","","","","","","Metal Color","18K White Gold","Diamond Type","1.00ct","Ring Size","EU 56","HALO-CUSHION-SIDE-DIAMONDS-WG-100-EU56","0","","continue","manual","1350.00","","true","true","","","","","false","","","","unisex","adult","","new","true","","","","","","","g","","","true","active"
"halo-cushion-side-diamonds","","","","","","","","Metal Color","18K White Gold","Diamond Type","1.00ct","Ring Size","EU 58","HALO-CUSHION-SIDE-DIAMONDS-WG-100-EU58","0","","continue","manual","1350.00","","true","true","","","","","false","","","","unisex","adult","","new","true","","","","","","","g","","","true","active"
"halo-cushion-side-diamonds","","","","","","","","Metal Color","18K White Gold","Diamond Type","1.00ct","Ring Size","EU 60","HALO-CUSHION-SIDE-DIAMONDS-WG-100-EU60","0","","continue","manual","1350.00","","true","true","","","","","false","","","","unisex","adult","","new","true","","","","","","","g","","","true","active"
"halo-cushion-side-diamonds","","","","","","","","Metal Color","18K White Gold","Diamond Type","1.50ct","Ring Size","EU 48","HALO-CUSHION-SIDE-DIAMONDS-WG-150-EU48","0","","continue","manual","1610.00","","true","true","","","","","false","","","","unisex","adult","","new","true","","","","","","","g","","","true","active"
"halo-cushion-side-diamonds","","","","","","","","Metal Color","18K White Gold","Diamond Type","1.50ct","Ring Size","EU 50","HALO-CUSHION-SIDE-DIAMONDS-WG-150-EU50","0","","continue","manual","1610.00","","true","true","","","","","false","","","","unisex","adult","","new","true","","","","","","","g","","","true","active"
"halo-cushion-side-diamonds","","","","","","","","Metal Color","18K White Gold","Diamond Type","1.50ct","Ring Size","EU 52","HALO-CUSHION-SIDE-DIAMONDS-WG-150-EU52","0","","continue","manual","1610.00","","true","true","","","","","false","","","","unisex","adult","","new","true","","","","","","","g","","","true","active"
"halo-cushion-side-diamonds","","","","","","","","Metal Color","18K White Gold","Diamond Type","1.50ct","Ring Size","EU 54","HALO-CUSHION-SIDE-DIAMONDS-WG-150-EU54","0","","continue","manual","1610.00","","true","true","","","","","false","","","","unisex","adult","","new","true","","","","","","","g","","","true","active"
"halo-cushion-side-diamonds","","","","","","","","Metal Color","18K White Gold","Diamond Type","1.50ct","Ring Size","EU 56","HALO-CUSHION-SIDE-DIAMONDS-WG-150-EU56","0","","continue","manual","1610.00","","true","true","","","","","false","","","","unisex","adult","","new","true","","","","","","","g","","","true","active"
"halo-cushion-side-diamonds","","","","","","","","Metal Color","18K White Gold","Diamond Type","1.50ct","Ring Size","EU 58","HALO-CUSHION-SIDE-DIAMONDS-WG-150-EU58","0","","continue","manual","1610.00","","true","true","","","","","false","","","","unisex","adult","","new","true","","","","","","","g","","","true","active"
"halo-cushion-side-diamonds","","","","","","","","Metal Color","18K White Gold","Diamond Type","1.50ct","Ring Size","EU 60","HALO-CUSHION-SIDE-DIAMONDS-WG-150-EU60","0","","continue","manual","1610.00","","true","true","","","","","false","","","","unisex","adult","","new","true","","","","","","","g","","","true","active"
"halo-cushion-side-diamonds","","","","","","","","Metal Color","18K White Gold","Diamond Type","Natural Diamond","Ring Size","EU 48","HALO-CUSHION-SIDE-DIAMONDS-WG-Natural-Diamond-EU48","0","","continue","manual","3360.00","","true","true","","","","","false","","","","unisex","adult","","new","true","","","","","","","g","","","true","active"
"halo-cushion-side-diamonds","","","","","","","","Metal Color","18K White Gold","Diamond Type","Natural Diamond","Ring Size","EU 50","HALO-CUSHION-SIDE-DIAMONDS-WG-Natural-Diamond-EU50","0","","continue","manual","3360.00","","true","true","","","","","false","","","","unisex","adult","","new","true","","","","","","","g","","","true","active"
"halo-cushion-side-diamonds","","","","","","","","Metal Color","18K White Gold","Diamond Type","Natural Diamond","Ring Size","EU 52","HALO-CUSHION-SIDE-DIAMONDS-WG-Natural-Diamond-EU52","0","","continue","manual","3360.00","","true","true","","","","","false","","","","unisex","adult","","new","true","","","","","","","g","","","true","active"
"halo-cushion-side-diamonds","","","","","","","","Metal Color","18K White Gold","Diamond Type","Natural Diamond","Ring Size","EU 54","HALO-CUSHION-SIDE-DIAMONDS-WG-Natural-Diamond-EU54","0","","continue","manual","3360.00","","true","true","","","","","false","","","","unisex","adult","","new","true","","","","","","","g","","","true","active"
"halo-cushion-side-diamonds","","","","","","","","Metal Color","18K White Gold","Diamond Type","Natural Diamond","Ring Size","EU 56","HALO-CUSHION-SIDE-DIAMONDS-WG-Natural-Diamond-EU56","0","","continue","manual","3360.00","","true","true","","","","","false","","","","unisex","adult","","new","true","","","","","","","g","","","true","active"
"halo-cushion-side-diamonds","","","","","","","","Metal Color","18K White Gold","Diamond Type","Natural Diamond","Ring Size","EU 58","HALO-CUSHION-SIDE-DIAMONDS-WG-Natural-Diamond-EU58","0","","continue","manual","3360.00","","true","true","","","","","false","","","","unisex","adult","","new","true","","","","","","","g","","","true","active"
"halo-cushion-side-diamonds","","","","","","","","Metal Color","18K White Gold","Diamond Type","Natural Diamond","Ring Size","EU 60","HALO-CUSHION-SIDE-DIAMONDS-WG-Natural-Diamond-EU60","0","","continue","manual","3360.00","","true","true","","","","","false","","","","unisex","adult","","new","true","","","","","","","g","","","true","active"
"halo-cushion-side-diamonds","","","","","","","","Metal Color","18K Rose Gold","Diamond Type","0.50ct","Ring Size","EU 48","HALO-CUSHION-SIDE-DIAMONDS-RG-050-EU48","0","","continue","manual","1150.00","","true","true","","","","","false","","","","unisex","adult","","new","true","","","","","","","g","","","true","active"
"halo-cushion-side-diamonds","","","","","","","","Metal Color","18K Rose Gold","Diamond Type","0.50ct","Ring Size","EU 50","HALO-CUSHION-SIDE-DIAMONDS-RG-050-EU50","0","","continue","manual","1150.00","","true","true","","","","","false","","","","unisex","adult","","new","true","","","","","","","g","","","true","active"
"halo-cushion-side-diamonds","","","","","","","","Metal Color","18K Rose Gold","Diamond Type","0.50ct","Ring Size","EU 52","HALO-CUSHION-SIDE-DIAMONDS-RG-050-EU52","0","","continue","manual","1150.00","","true","true","","","","","false","","","","unisex","adult","","new","true","","","","","","","g","","","true","active"
"halo-cushion-side-diamonds","","","","","","","","Metal Color","18K Rose Gold","Diamond Type","0.50ct","Ring Size","EU 54","HALO-CUSHION-SIDE-DIAMONDS-RG-050-EU54","0","","continue","manual","1150.00","","true","true","","","","","false","","","","unisex","adult","","new","true","","","","","","","g","","","true","active"
"halo-cushion-side-diamonds","","","","","","","","Metal Color","18K Rose Gold","Diamond Type","0.50ct","Ring Size","EU 56","HALO-CUSHION-SIDE-DIAMONDS-RG-050-EU56","0","","continue","manual","1150.00","","true","true","","","","","false","","","","unisex","adult","","new","true","","","","","","","g","","","true","active"
"halo-cushion-side-diamonds","","","","","","","","Metal Color","18K Rose Gold","Diamond Type","0.50ct","Ring Size","EU 58","HALO-CUSHION-SIDE-DIAMONDS-RG-050-EU58","0","","continue","manual","1150.00","","true","true","","","","","false","","","","unisex","adult","","new","true","","","","","","","g","","","true","active"
"halo-cushion-side-diamonds","","","","","","","","Metal Color","18K Rose Gold","Diamond Type","0.50ct","Ring Size","EU 60","HALO-CUSHION-SIDE-DIAMONDS-RG-050-EU60","0","","continue","manual","1150.00","","true","true","","","","","false","","","","unisex","adult","","new","true","","","","","","","g","","","true","active"
"halo-cushion-side-diamonds","","","","","","","","Metal Color","18K Rose Gold","Diamond Type","1.00ct","Ring Size","EU 48","HALO-CUSHION-SIDE-DIAMONDS-RG-100-EU48","0","","continue","manual","1350.00","","true","true","","","","","false","","","","unisex","adult","","new","true","","","","","","","g","","","true","active"
"halo-cushion-side-diamonds","","","","","","","","Metal Color","18K Rose Gold","Diamond Type","1.00ct","Ring Size","EU 50","HALO-CUSHION-SIDE-DIAMONDS-RG-100-EU50","0","","continue","manual","1350.00","","true","true","","","","","false","","","","unisex","adult","","new","true","","","","","","","g","","","true","active"
"halo-cushion-side-diamonds","","","","","","","","Metal Color","18K Rose Gold","Diamond Type","1.00ct","Ring Size","EU 52","HALO-CUSHION-SIDE-DIAMONDS-RG-100-EU52","0","","continue","manual","1350.00","","true","true","","","","","false","","","","unisex","adult","","new","true","","","","","","","g","","","true","active"
"halo-cushion-side-diamonds","","","","","","","","Metal Color","18K Rose Gold","Diamond Type","1.00ct","Ring Size","EU 54","HALO-CUSHION-SIDE-DIAMONDS-RG-100-EU54","0","","continue","manual","1350.00","","true","true","","","","","false","","","","unisex","adult","","new","true","","","","","","","g","","","true","active"
"halo-cushion-side-diamonds","","","","","","","","Metal Color","18K Rose Gold","Diamond Type","1.00ct","Ring Size","EU 56","HALO-CUSHION-SIDE-DIAMONDS-RG-100-EU56","0","","continue","manual","1350.00","","true","true","","","","","false","","","","unisex","adult","","new","true","","","","","","","g","","","true","active"
"halo-cushion-side-diamonds","","","","","","","","Metal Color","18K Rose Gold","Diamond Type","1.00ct","Ring Size","EU 58","HALO-CUSHION-SIDE-DIAMONDS-RG-100-EU58","0","","continue","manual","1350.00","","true","true","","","","","false","","","","unisex","adult","","new","true","","","","","","","g","","","true","active"
"halo-cushion-side-diamonds","","","","","","","","Metal Color","18K Rose Gold","Diamond Type","1.00ct","Ring Size","EU 60","HALO-CUSHION-SIDE-DIAMONDS-RG-100-EU60","0","","continue","manual","1350.00","","true","true","","","","","false","","","","unisex","adult","","new","true","","","","","","","g","","","true","active"
"halo-cushion-side-diamonds","","","","","","","","Metal Color","18K Rose Gold","Diamond Type","1.50ct","Ring Size","EU 48","HALO-CUSHION-SIDE-DIAMONDS-RG-150-EU48","0","","continue","manual","1610.00","","true","true","","","","","false","","","","unisex","adult","","new","true","","","","","","","g","","","true","active"
"halo-cushion-side-diamonds","","","","","","","","Metal Color","18K Rose Gold","Diamond Type","1.50ct","Ring Size","EU 50","HALO-CUSHION-SIDE-DIAMONDS-RG-150-EU50","0","","continue","manual","1610.00","","true","true","","","","","false","","","","unisex","adult","","new","true","","","","","","","g","","","true","active"
"halo-cushion-side-diamonds","","","","","","","","Metal Color","18K Rose Gold","Diamond Type","1.50ct","Ring Size","EU 52","HALO-CUSHION-SIDE-DIAMONDS-RG-150-EU52","0","","continue","manual","1610.00","","true","true","","","","","false","","","","unisex","adult","","new","true","","","","","","","g","","","true","active"
"halo-cushion-side-diamonds","","","","","","","","Metal Color","18K Rose Gold","Diamond Type","1.50ct","Ring Size","EU 54","HALO-CUSHION-SIDE-DIAMONDS-RG-150-EU54","0","","continue","manual","1610.00","","true","true","","","","","false","","","","unisex","adult","","new","true","","","","","","","g","","","true","active"
"halo-cushion-side-diamonds","","","","","","","","Metal Color","18K Rose Gold","Diamond Type","1.50ct","Ring Size","EU 56","HALO-CUSHION-SIDE-DIAMONDS-RG-150-EU56","0","","continue","manual","1610.00","","true","true","","","","","false","","","","unisex","adult","","new","true","","","","","","","g","","","true","active"
"halo-cushion-side-diamonds","","","","","","","","Metal Color","18K Rose Gold","Diamond Type","1.50ct","Ring Size","EU 58","HALO-CUSHION-SIDE-DIAMONDS-RG-150-EU58","0","","continue","manual","1610.00","","true","true","","","","","false","","","","unisex","adult","","new","true","","","","","","","g","","","true","active"
"halo-cushion-side-diamonds","","","","","","","","Metal Color","18K Rose Gold","Diamond Type","1.50ct","Ring Size","EU 60","HALO-CUSHION-SIDE-DIAMONDS-RG-150-EU60","0","","continue","manual","1610.00","","true","true","","","","","false","","","","unisex","adult","","new","true","","","","","","","g","","","true","active"
"halo-cushion-side-diamonds","","","","","","","","Metal Color","18K Rose Gold","Diamond Type","Natural Diamond","Ring Size","EU 48","HALO-CUSHION-SIDE-DIAMONDS-RG-Natural-Diamond-EU48","0","","continue","manual","3360.00","","true","true","","","","","false","","","","unisex","adult","","new","true","","","","","","","g","","","true","active"
"halo-cushion-side-diamonds","","","","","","","","Metal Color","18K Rose Gold","Diamond Type","Natural Diamond","Ring Size","EU 50","HALO-CUSHION-SIDE-DIAMONDS-RG-Natural-Diamond-EU50","0","","continue","manual","3360.00","","true","true","","","","","false","","","","unisex","adult","","new","true","","","","","","","g","","","true","active"
"halo-cushion-side-diamonds","","","","","","","","Metal Color","18K Rose Gold","Diamond Type","Natural Diamond","Ring Size","EU 52","HALO-CUSHION-SIDE-DIAMONDS-RG-Natural-Diamond-EU52","0","","continue","manual","3360.00","","true","true","","","","","false","","","","unisex","adult","","new","true","","","","","","","g","","","true","active"
"halo-cushion-side-diamonds","","","","","","","","Metal Color","18K Rose Gold","Diamond Type","Natural Diamond","Ring Size","EU 54","HALO-CUSHION-SIDE-DIAMONDS-RG-Natural-Diamond-EU54","0","","continue","manual","3360.00","","true","true","","","","","false","","","","unisex","adult","","new","true","","","","","","","g","","","true","active"
"halo-cushion-side-diamonds","","","","","","","","Metal Color","18K Rose Gold","Diamond Type","Natural Diamond","Ring Size","EU 56","HALO-CUSHION-SIDE-DIAMONDS-RG-Natural-Diamond-EU56","0","","continue","manual","3360.00","","true","true","","","","","false","","","","unisex","adult","","new","true","","","","","","","g","","","true","active"
"halo-cushion-side-diamonds","","","","","","","","Metal Color","18K Rose Gold","Diamond Type","Natural Diamond","Ring Size","EU 58","HALO-CUSHION-SIDE-DIAMONDS-RG-Natural-Diamond-EU58","0","","continue","manual","3360.00","","true","true","","","","","false","","","","unisex","adult","","new","true","","","","","","","g","","","true","active"
"halo-cushion-side-diamonds","","","","","","","","Metal Color","18K Rose Gold","Diamond Type","Natural Diamond","Ring Size","EU 60","HALO-CUSHION-SIDE-DIAMONDS-RG-Natural-Diamond-EU60","0","","continue","manual","3360.00","","true","true","","","","","false","","","","unisex","adult","","new","true","","","","","","","g","","","true","active"
"halo-pear-ring","Halo Ring with Pear Shape Diamond","<p>Beautiful halo ring with pear shaped diamond</p>","Diamonds by CS","Jewelry & Watches > Jewelry > Rings","Engagement Ring","engagement-ring, halo, pear, lab-grown-diamond","true","Metal Color","18K Yellow Gold","Diamond Type","0.50ct","Ring Size","EU 48","HALO-PEAR-RING-YG-050-EU48","0","","continue","manual","790.00","","true","true","","","","","false","","","","unisex","adult","","new","true","","","","","","","g","","","true","active"
"halo-pear-ring","","","","","","","","Metal Color","18K Yellow Gold","Diamond Type","0.50ct","Ring Size","EU 50","HALO-PEAR-RING-YG-050-EU50","0","","continue","manual","790.00","","true","true","","","","","false","","","","unisex","adult","","new","true","","","","","","","g","","","true","active"
"halo-pear-ring","","","","","","","","Metal Color","18K Yellow Gold","Diamond Type","0.50ct","Ring Size","EU 52","HALO-PEAR-RING-YG-050-EU52","0","","continue","manual","790.00","","true","true","","","","","false","","","","unisex","adult","","new","true","","","","","","","g","","","true","active"
"halo-pear-ring","","","","","","","","Metal Color","18K Yellow Gold","Diamond Type","0.50ct","Ring Size","EU 54","HALO-PEAR-RING-YG-050-EU54","0","","continue","manual","790.00","","true","true","","","","","false","","","","unisex","adult","","new","true","","","","","","","g","","","true","active"
"halo-pear-ring","","","","","","","","Metal Color","18K Yellow Gold","Diamond Type","0.50ct","Ring Size","EU 56","HALO-PEAR-RING-YG-050-EU56","0","","continue","manual","790.00","","true","true","","","","","false","","","","unisex","adult","","new","true","","","","","","","g","","","true","active"
"halo-pear-ring","","","","","","","","Metal Color","18K Yellow Gold","Diamond Type","0.50ct","Ring Size","EU 58","HALO-PEAR-RING-YG-050-EU58","0","","continue","manual","790.00","","true","true","","","","","false","","","","unisex","adult","","new","true","","","","","","","g","","","true","active"
"halo-pear-ring","","","","","","","","Metal Color","18K Yellow Gold","Diamond Type","0.50ct","Ring Size","EU 60","HALO-PEAR-RING-YG-050-EU60","0","","continue","manual","790.00","","true","true","","","","","false","","","","unisex","adult","","new","true","","","","","","","g","","","true","active"
"halo-pear-ring","","","","","","","","Metal Color","18K Yellow Gold","Diamond Type","1.00ct","Ring Size","EU 48","HALO-PEAR-RING-YG-100-EU48","0","","continue","manual","990.00","","true","true","","","","","false","","","","unisex","adult","","new","true","","","","","","","g","","","true","active"
"halo-pear-ring","","","","","","","","Metal Color","18K Yellow Gold","Diamond Type","1.00ct","Ring Size","EU 50","HALO-PEAR-RING-YG-100-EU50","0","","continue","manual","990.00","","true","true","","","","","false","","","","unisex","adult","","new","true","","","","","","","g","","","true","active"
"halo-pear-ring","","","","","","","","Metal Color","18K Yellow Gold","Diamond Type","1.00ct","Ring Size","EU 52","HALO-PEAR-RING-YG-100-EU52","0","","continue","manual","990.00","","true","true","","","","","false","","","","unisex","adult","","new","true","","","","","","","g","","","true","active"
"halo-pear-ring","","","","","","","","Metal Color","18K Yellow Gold","Diamond Type","1.00ct","Ring Size","EU 54","HALO-PEAR-RING-YG-100-EU54","0","","continue","manual","990.00","","true","true","","","","","false","","","","unisex","adult","","new","true","","","","","","","g","","","true","active"
"halo-pear-ring","","","","","","","","Metal Color","18K Yellow Gold","Diamond Type","1.00ct","Ring Size","EU 56","HALO-PEAR-RING-YG-100-EU56","0","","continue","manual","990.00","","true","true","","","","","false","","","","unisex","adult","","new","true","","","","","","","g","","","true","active"
"halo-pear-ring","","","","","","","","Metal Color","18K Yellow Gold","Diamond Type","1.00ct","Ring Size","EU 58","HALO-PEAR-RING-YG-100-EU58","0","","continue","manual","990.00","","true","true","","","","","false","","","","unisex","adult","","new","true","","","","","","","g","","","true","active"
"halo-pear-ring","","","","","","","","Metal Color","18K Yellow Gold","Diamond Type","1.00ct","Ring Size","EU 60","HALO-PEAR-RING-YG-100-EU60","0","","continue","manual","990.00","","true","true","","","","","false","","","","unisex","adult","","new","true","","","","","","","g","","","true","active"
"halo-pear-ring","","","","","","","","Metal Color","18K Yellow Gold","Diamond Type","1.50ct","Ring Size","EU 48","HALO-PEAR-RING-YG-150-EU48","0","","continue","manual","1250.00","","true","true","","","","","false","","","","unisex","adult","","new","true","","","","","","","g","","","true","active"
"halo-pear-ring","","","","","","","","Metal Color","18K Yellow Gold","Diamond Type","1.50ct","Ring Size","EU 50","HALO-PEAR-RING-YG-150-EU50","0","","continue","manual","1250.00","","true","true","","","","","false","","","","unisex","adult","","new","true","","","","","","","g","","","true","active"
"halo-pear-ring","","","","","","","","Metal Color","18K Yellow Gold","Diamond Type","1.50ct","Ring Size","EU 52","HALO-PEAR-RING-YG-150-EU52","0","","continue","manual","1250.00","","true","true","","","","","false","","","","unisex","adult","","new","true","","","","","","","g","","","true","active"
"halo-pear-ring","","","","","","","","Metal Color","18K Yellow Gold","Diamond Type","1.50ct","Ring Size","EU 54","HALO-PEAR-RING-YG-150-EU54","0","","continue","manual","1250.00","","true","true","","","","","false","","","","unisex","adult","","new","true","","","","","","","g","","","true","active"
"halo-pear-ring","","","","","","","","Metal Color","18K Yellow Gold","Diamond Type","1.50ct","Ring Size","EU 56","HALO-PEAR-RING-YG-150-EU56","0","","continue","manual","1250.00","","true","true","","","","","false","","","","unisex","adult","","new","true","","","","","","","g","","","true","active"
"halo-pear-ring","","","","","","","","Metal Color","18K Yellow Gold","Diamond Type","1.50ct","Ring Size","EU 58","HALO-PEAR-RING-YG-150-EU58","0","","continue","manual","1250.00","","true","true","","","","","false","","","","unisex","adult","","new","true","","","","","","","g","","","true","active"
"halo-pear-ring","","","","","","","","Metal Color","18K Yellow Gold","Diamond Type","1.50ct","Ring Size","EU 60","HALO-PEAR-RING-YG-150-EU60","0","","continue","manual","1250.00","","true","true","","","","","false","","","","unisex","adult","","new","true","","","","","","","g","","","true","active"
"halo-pear-ring","","","","","","","","Metal Color","18K Yellow Gold","Diamond Type","Natural Diamond","Ring Size","EU 48","HALO-PEAR-RING-YG-Natural-Diamond-EU48","0","","continue","manual","3000.00","","true","true","","","","","false","","","","unisex","adult","","new","true","","","","","","","g","","","true","active"
"halo-pear-ring","","","","","","","","Metal Color","18K Yellow Gold","Diamond Type","Natural Diamond","Ring Size","EU 50","HALO-PEAR-RING-YG-Natural-Diamond-EU50","0","","continue","manual","3000.00","","true","true","","","","","false","","","","unisex","adult","","new","true","","","","","","","g","","","true","active"
"halo-pear-ring","","","","","","","","Metal Color","18K Yellow Gold","Diamond Type","Natural Diamond","Ring Size","EU 52","HALO-PEAR-RING-YG-Natural-Diamond-EU52","0","","continue","manual","3000.00","","true","true","","","","","false","","","","unisex","adult","","new","true","","","","","","","g","","","true","active"
"halo-pear-ring","","","","","","","","Metal Color","18K Yellow Gold","Diamond Type","Natural Diamond","Ring Size","EU 54","HALO-PEAR-RING-YG-Natural-Diamond-EU54","0","","continue","manual","3000.00","","true","true","","","","","false","","","","unisex","adult","","new","true","","","","","","","g","","","true","active"
"halo-pear-ring","","","","","","","","Metal Color","18K Yellow Gold","Diamond Type","Natural Diamond","Ring Size","EU 56","HALO-PEAR-RING-YG-Natural-Diamond-EU56","0","","continue","manual","3000.00","","true","true","","","","","false","","","","unisex","adult","","new","true","","","","","","","g","","","true","active"
"halo-pear-ring","","","","","","","","Metal Color","18K Yellow Gold","Diamond Type","Natural Diamond","Ring Size","EU 58","HALO-PEAR-RING-YG-Natural-Diamond-EU58","0","","continue","manual","3000.00","","true","true","","","","","false","","","","unisex","adult","","new","true","","","","","","","g","","","true","active"
"halo-pear-ring","","","","","","","","Metal Color","18K Yellow Gold","Diamond Type","Natural Diamond","Ring Size","EU 60","HALO-PEAR-RING-YG-Natural-Diamond-EU60","0","","continue","manual","3000.00","","true","true","","","","","false","","","","unisex","adult","","new","true","","","","","","","g","","","true","active"
"halo-pear-ring","","","","","","","","Metal Color","18K White Gold","Diamond Type","0.50ct","Ring Size","EU 48","HALO-PEAR-RING-WG-050-EU48","0","","continue","manual","790.00","","true","true","","","","","false","","","","unisex","adult","","new","true","","","","","","","g","","","true","active"
"halo-pear-ring","","","","","","","","Metal Color","18K White Gold","Diamond Type","0.50ct","Ring Size","EU 50","HALO-PEAR-RING-WG-050-EU50","0","","continue","manual","790.00","","true","true","","","","","false","","","","unisex","adult","","new","true","","","","","","","g","","","true","active"
"halo-pear-ring","","","","","","","","Metal Color","18K White Gold","Diamond Type","0.50ct","Ring Size","EU 52","HALO-PEAR-RING-WG-050-EU52","0","","continue","manual","790.00","","true","true","","","","","false","","","","unisex","adult","","new","true","","","","","","","g","","","true","active"
"halo-pear-ring","","","","","","","","Metal Color","18K White Gold","Diamond Type","0.50ct","Ring Size","EU 54","HALO-PEAR-RING-WG-050-EU54","0","","continue","manual","790.00","","true","true","","","","","false","","","","unisex","adult","","new","true","","","","","","","g","","","true","active"
"halo-pear-ring","","","","","","","","Metal Color","18K White Gold","Diamond Type","0.50ct","Ring Size","EU 56","HALO-PEAR-RING-WG-050-EU56","0","","continue","manual","790.00","","true","true","","","","","false","","","","unisex","adult","","new","true","","","","","","","g","","","true","active"
"halo-pear-ring","","","","","","","","Metal Color","18K White Gold","Diamond Type","0.50ct","Ring Size","EU 58","HALO-PEAR-RING-WG-050-EU58","0","","continue","manual","790.00","","true","true","","","","","false","","","","unisex","adult","","new","true","","","","","","","g","","","true","active"
"halo-pear-ring","","","","","","","","Metal Color","18K White Gold","Diamond Type","0.50ct","Ring Size","EU 60","HALO-PEAR-RING-WG-050-EU60","0","","continue","manual","790.00","","true","true","","","","","false","","","","unisex","adult","","new","true","","","","","","","g","","","true","active"
"halo-pear-ring","","","","","","","","Metal Color","18K White Gold","Diamond Type","1.00ct","Ring Size","EU 48","HALO-PEAR-RING-WG-100-EU48","0","","continue","manual","990.00","","true","true","","","","","false","","","","unisex","adult","","new","true","","","","","","","g","","","true","active"
"halo-pear-ring","","","","","","","","Metal Color","18K White Gold","Diamond Type","1.00ct","Ring Size","EU 50","HALO-PEAR-RING-WG-100-EU50","0","","continue","manual","990.00","","true","true","","","","","false","","","","unisex","adult","","new","true","","","","","","","g","","","true","active"
"halo-pear-ring","","","","","","","","Metal Color","18K White Gold","Diamond Type","1.00ct","Ring Size","EU 52","HALO-PEAR-RING-WG-100-EU52","0","","continue","manual","990.00","","true","true","","","","","false","","","","unisex","adult","","new","true","","","","","","","g","","","true","active"
"halo-pear-ring","","","","","","","","Metal Color","18K White Gold","Diamond Type","1.00ct","Ring Size","EU 54","HALO-PEAR-RING-WG-100-EU54","0","","continue","manual","990.00","","true","true","","","","","false","","","","unisex","adult","","new","true","","","","","","","g","","","true","active"
"halo-pear-ring","","","","","","","","Metal Color","18K White Gold","Diamond Type","1.00ct","Ring Size","EU 56","HALO-PEAR-RING-WG-100-EU56","0","","continue","manual","990.00","","true","true","","","","","false","","","","unisex","adult","","new","true","","","","","","","g","","","true","active"
"halo-pear-ring","","","","","","","","Metal Color","18K White Gold","Diamond Type","1.00ct","Ring Size","EU 58","HALO-PEAR-RING-WG-100-EU58","0","","continue","manual","990.00","","true","true","","","","","false","","","","unisex","adult","","new","true","","","","","","","g","","","true","active"
"halo-pear-ring","","","","","","","","Metal Color","18K White Gold","Diamond Type","1.00ct","Ring Size","EU 60","HALO-PEAR-RING-WG-100-EU60","0","","continue","manual","990.00","","true","true","","","","","false","","","","unisex","adult","","new","true","","","","","","","g","","","true","active"
"halo-pear-ring","","","","","","","","Metal Color","18K White Gold","Diamond Type","1.50ct","Ring Size","EU 48","HALO-PEAR-RING-WG-150-EU48","0","","continue","manual","1250.00","","true","true","","","","","false","","","","unisex","adult","","new","true","","","","","","","g","","","true","active"
"halo-pear-ring","","","","","","","","Metal Color","18K White Gold","Diamond Type","1.50ct","Ring Size","EU 50","HALO-PEAR-RING-WG-150-EU50","0","","continue","manual","1250.00","","true","true","","","","","false","","","","unisex","adult","","new","true","","","","","","","g","","","true","active"
"halo-pear-ring","","","","","","","","Metal Color","18K White Gold","Diamond Type","1.50ct","Ring Size","EU 52","HALO-PEAR-RING-WG-150-EU52","0","","continue","manual","1250.00","","true","true","","","","","false","","","","unisex","adult","","new","true","","","","","","","g","","","true","active"
"halo-pear-ring","","","","","","","","Metal Color","18K White Gold","Diamond Type","1.50ct","Ring Size","EU 54","HALO-PEAR-RING-WG-150-EU54","0","","continue","manual","1250.00","","true","true","","","","","false","","","","unisex","adult","","new","true","","","","","","","g","","","true","active"
"halo-pear-ring","","","","","","","","Metal Color","18K White Gold","Diamond Type","1.50ct","Ring Size","EU 56","HALO-PEAR-RING-WG-150-EU56","0","","continue","manual","1250.00","","true","true","","","","","false","","","","unisex","adult","","new","true","","","","","","","g","","","true","active"
"halo-pear-ring","","","","","","","","Metal Color","18K White Gold","Diamond Type","1.50ct","Ring Size","EU 58","HALO-PEAR-RING-WG-150-EU58","0","","continue","manual","1250.00","","true","true","","","","","false","","","","unisex","adult","","new","true","","","","","","","g","","","true","active"
"halo-pear-ring","","","","","","","","Metal Color","18K White Gold","Diamond Type","1.50ct","Ring Size","EU 60","HALO-PEAR-RING-WG-150-EU60","0","","continue","manual","1250.00","","true","true","","","","","false","","","","unisex","adult","","new","true","","","","","","","g","","","true","active"
"halo-pear-ring","","","","","","","","Metal Color","18K White Gold","Diamond Type","Natural Diamond","Ring Size","EU 48","HALO-PEAR-RING-WG-Natural-Diamond-EU48","0","","continue","manual","3000.00","","true","true","","","","","false","","","","unisex","adult","","new","true","","","","","","","g","","","true","active"
"halo-pear-ring","","","","","","","","Metal Color","18K White Gold","Diamond Type","Natural Diamond","Ring Size","EU 50","HALO-PEAR-RING-WG-Natural-Diamond-EU50","0","","continue","manual","3000.00","","true","true","","","","","false","","","","unisex","adult","","new","true","","","","","","","g","","","true","active"
"halo-pear-ring","","","","","","","","Metal Color","18K White Gold","Diamond Type","Natural Diamond","Ring Size","EU 52","HALO-PEAR-RING-WG-Natural-Diamond-EU52","0","","continue","manual","3000.00","","true","true","","","","","false","","","","unisex","adult","","new","true","","","","","","","g","","","true","active"
"halo-pear-ring","","","","","","","","Metal Color","18K White Gold","Diamond Type","Natural Diamond","Ring Size","EU 54","HALO-PEAR-RING-WG-Natural-Diamond-EU54","0","","continue","manual","3000.00","","true","true","","","","","false","","","","unisex","adult","","new","true","","","","","","","g","","","true","active"
"halo-pear-ring","","","","","","","","Metal Color","18K White Gold","Diamond Type","Natural Diamond","Ring Size","EU 56","HALO-PEAR-RING-WG-Natural-Diamond-EU56","0","","continue","manual","3000.00","","true","true","","","","","false","","","","unisex","adult","","new","true","","","","","","","g","","","true","active"
"halo-pear-ring","","","","","","","","Metal Color","18K White Gold","Diamond Type","Natural Diamond","Ring Size","EU 58","HALO-PEAR-RING-WG-Natural-Diamond-EU58","0","","continue","manual","3000.00","","true","true","","","","","false","","","","unisex","adult","","new","true","","","","","","","g","","","true","active"
"halo-pear-ring","","","","","","","","Metal Color","18K White Gold","Diamond Type","Natural Diamond","Ring Size","EU 60","HALO-PEAR-RING-WG-Natural-Diamond-EU60","0","","continue","manual","3000.00","","true","true","","","","","false","","","","unisex","adult","","new","true","","","","","","","g","","","true","active"
"halo-pear-ring","","","","","","","","Metal Color","18K Rose Gold","Diamond Type","0.50ct","Ring Size","EU 48","HALO-PEAR-RING-RG-050-EU48","0","","continue","manual","790.00","","true","true","","","","","false","","","","unisex","adult","","new","true","","","","","","","g","","","true","active"
"halo-pear-ring","","","","","","","","Metal Color","18K Rose Gold","Diamond Type","0.50ct","Ring Size","EU 50","HALO-PEAR-RING-RG-050-EU50","0","","continue","manual","790.00","","true","true","","","","","false","","","","unisex","adult","","new","true","","","","","","","g","","","true","active"
"halo-pear-ring","","","","","","","","Metal Color","18K Rose Gold","Diamond Type","0.50ct","Ring Size","EU 52","HALO-PEAR-RING-RG-050-EU52","0","","continue","manual","790.00","","true","true","","","","","false","","","","unisex","adult","","new","true","","","","","","","g","","","true","active"
"halo-pear-ring","","","","","","","","Metal Color","18K Rose Gold","Diamond Type","0.50ct","Ring Size","EU 54","HALO-PEAR-RING-RG-050-EU54","0","","continue","manual","790.00","","true","true","","","","","false","","","","unisex","adult","","new","true","","","","","","","g","","","true","active"
"halo-pear-ring","","","","","","","","Metal Color","18K Rose Gold","Diamond Type","0.50ct","Ring Size","EU 56","HALO-PEAR-RING-RG-050-EU56","0","","continue","manual","790.00","","true","true","","","","","false","","","","unisex","adult","","new","true","","","","","","","g","","","true","active"
"halo-pear-ring","","","","","","","","Metal Color","18K Rose Gold","Diamond Type","0.50ct","Ring Size","EU 58","HALO-PEAR-RING-RG-050-EU58","0","","continue","manual","790.00","","true","true","","","","","false","","","","unisex","adult","","new","true","","","","","","","g","","","true","active"
"halo-pear-ring","","","","","","","","Metal Color","18K Rose Gold","Diamond Type","0.50ct","Ring Size","EU 60","HALO-PEAR-RING-RG-050-EU60","0","","continue","manual","790.00","","true","true","","","","","false","","","","unisex","adult","","new","true","","","","","","","g","","","true","active"
"halo-pear-ring","","","","","","","","Metal Color","18K Rose Gold","Diamond Type","1.00ct","Ring Size","EU 48","HALO-PEAR-RING-RG-100-EU48","0","","continue","manual","990.00","","true","true","","","","","false","","","","unisex","adult","","new","true","","","","","","","g","","","true","active"
"halo-pear-ring","","","","","","","","Metal Color","18K Rose Gold","Diamond Type","1.00ct","Ring Size","EU 50","HALO-PEAR-RING-RG-100-EU50","0","","continue","manual","990.00","","true","true","","","","","false","","","","unisex","adult","","new","true","","","","","","","g","","","true","active"
"halo-pear-ring","","","","","","","","Metal Color","18K Rose Gold","Diamond Type","1.00ct","Ring Size","EU 52","HALO-PEAR-RING-RG-100-EU52","0","","continue","manual","990.00","","true","true","","","","","false","","","","unisex","adult","","new","true","","","","","","","g","","","true","active"
"halo-pear-ring","","","","","","","","Metal Color","18K Rose Gold","Diamond Type","1.00ct","Ring Size","EU 54","HALO-PEAR-RING-RG-100-EU54","0","","continue","manual","990.00","","true","true","","","","","false","","","","unisex","adult","","new","true","","","","","","","g","","","true","active"
"halo-pear-ring","","","","","","","","Metal Color","18K Rose Gold","Diamond Type","1.00ct","Ring Size","EU 56","HALO-PEAR-RING-RG-100-EU56","0","","continue","manual","990.00","","true","true","","","","","false","","","","unisex","adult","","new","true","","","","","","","g","","","true","active"
"halo-pear-ring","","","","","","","","Metal Color","18K Rose Gold","Diamond Type","1.00ct","Ring Size","EU 58","HALO-PEAR-RING-RG-100-EU58","0","","continue","manual","990.00","","true","true","","","","","false","","","","unisex","adult","","new","true","","","","","","","g","","","true","active"
"halo-pear-ring","","","","","","","","Metal Color","18K Rose Gold","Diamond Type","1.00ct","Ring Size","EU 60","HALO-PEAR-RING-RG-100-EU60","0","","continue","manual","990.00","","true","true","","","","","false","","","","unisex","adult","","new","true","","","","","","","g","","","true","active"
"halo-pear-ring","","","","","","","","Metal Color","18K Rose Gold","Diamond Type","1.50ct","Ring Size","EU 48","HALO-PEAR-RING-RG-150-EU48","0","","continue","manual","1250.00","","true","true","","","","","false","","","","unisex","adult","","new","true","","","","","","","g","","","true","active"
"halo-pear-ring","","","","","","","","Metal Color","18K Rose Gold","Diamond Type","1.50ct","Ring Size","EU 50","HALO-PEAR-RING-RG-150-EU50","0","","continue","manual","1250.00","","true","true","","","","","false","","","","unisex","adult","","new","true","","","","","","","g","","","true","active"
"halo-pear-ring","","","","","","","","Metal Color","18K Rose Gold","Diamond Type","1.50ct","Ring Size","EU 52","HALO-PEAR-RING-RG-150-EU52","0","","continue","manual","1250.00","","true","true","","","","","false","","","","unisex","adult","","new","true","","","","","","","g","","","true","active"
"halo-pear-ring","","","","","","","","Metal Color","18K Rose Gold","Diamond Type","1.50ct","Ring Size","EU 54","HALO-PEAR-RING-RG-150-EU54","0","","continue","manual","1250.00","","true","true","","","","","false","","","","unisex","adult","","new","true","","","","","","","g","","","true","active"
"halo-pear-ring","","","","","","","","Metal Color","18K Rose Gold","Diamond Type","1.50ct","Ring Size","EU 56","HALO-PEAR-RING-RG-150-EU56","0","","continue","manual","1250.00","","true","true","","","","","false","","","","unisex","adult","","new","true","","","","","","","g","","","true","active"
"halo-pear-ring","","","","","","","","Metal Color","18K Rose Gold","Diamond Type","1.50ct","Ring Size","EU 58","HALO-PEAR-RING-RG-150-EU58","0","","continue","manual","1250.00","","true","true","","","","","false","","","","unisex","adult","","new","true","","","","","","","g","","","true","active"
"halo-pear-ring","","","","","","","","Metal Color","18K Rose Gold","Diamond Type","1.50ct","Ring Size","EU 60","HALO-PEAR-RING-RG-150-EU60","0","","continue","manual","1250.00","","true","true","","","","","false","","","","unisex","adult","","new","true","","","","","","","g","","","true","active"
"halo-pear-ring","","","","","","","","Metal Color","18K Rose Gold","Diamond Type","Natural Diamond","Ring Size","EU 48","HALO-PEAR-RING-RG-Natural-Diamond-EU48","0","","continue","manual","3000.00","","true","true","","","","","false","","","","unisex","adult","","new","true","","","","","","","g","","","true","active"
"halo-pear-ring","","","","","","","","Metal Color","18K Rose Gold","Diamond Type","Natural Diamond","Ring Size","EU 50","HALO-PEAR-RING-RG-Natural-Diamond-EU50","0","","continue","manual","3000.00","","true","true","","","","","false","","","","unisex","adult","","new","true","","","","","","","g","","","true","active"
"halo-pear-ring","","","","","","","","Metal Color","18K Rose Gold","Diamond Type","Natural Diamond","Ring Size","EU 52","HALO-PEAR-RING-RG-Natural-Diamond-EU52","0","","continue","manual","3000.00","","true","true","","","","","false","","","","unisex","adult","","new","true","","","","","","","g","","","true","active"
"halo-pear-ring","","","","","","","","Metal Color","18K Rose Gold","Diamond Type","Natural Diamond","Ring Size","EU 54","HALO-PEAR-RING-RG-Natural-Diamond-EU54","0","","continue","manual","3000.00","","true","true","","","","","false","","","","unisex","adult","","new","true","","","","","","","g","","","true","active"
"halo-pear-ring","","","","","","","","Metal Color","18K Rose Gold","Diamond Type","Natural Diamond","Ring Size","EU 56","HALO-PEAR-RING-RG-Natural-Diamond-EU56","0","","continue","manual","3000.00","","true","true","","","","","false","","","","unisex","adult","","new","true","","","","","","","g","","","true","active"
"halo-pear-ring","","","","","","","","Metal Color","18K Rose Gold","Diamond Type","Natural Diamond","Ring Size","EU 58","HALO-PEAR-RING-RG-Natural-Diamond-EU58","0","","continue","manual","3000.00","","true","true","","","","","false","","","","unisex","adult","","new","true","","","","","","","g","","","true","active"
"halo-pear-ring","","","","","","","","Metal Color","18K Rose Gold","Diamond Type","Natural Diamond","Ring Size","EU 60","HALO-PEAR-RING-RG-Natural-Diamond-EU60","0","","continue","manual","3000.00","","true","true","","","","","false","","","","unisex","adult","","new","true","","","","","","","g","","","true","active"
"halo-ring-side-diamonds","Halo Ring with Side Diamonds","<p>Luxurious halo ring with side diamonds on the band</p>","Diamonds by CS","Jewelry & Watches > Jewelry > Rings","Engagement Ring","engagement-ring, halo, with-side-diamonds, lab-grown-diamond","true","Metal Color","18K Yellow Gold","Diamond Type","0.50ct","Ring Size","EU 48","HALO-RING-SIDE-DIAMONDS-YG-050-EU48","0","","continue","manual","1150.00","","true","true","","","","","false","","","","unisex","adult","","new","true","","","","","","","g","","","true","active"
"halo-ring-side-diamonds","","","","","","","","Metal Color","18K Yellow Gold","Diamond Type","0.50ct","Ring Size","EU 50","HALO-RING-SIDE-DIAMONDS-YG-050-EU50","0","","continue","manual","1150.00","","true","true","","","","","false","","","","unisex","adult","","new","true","","","","","","","g","","","true","active"
"halo-ring-side-diamonds","","","","","","","","Metal Color","18K Yellow Gold","Diamond Type","0.50ct","Ring Size","EU 52","HALO-RING-SIDE-DIAMONDS-YG-050-EU52","0","","continue","manual","1150.00","","true","true","","","","","false","","","","unisex","adult","","new","true","","","","","","","g","","","true","active"
"halo-ring-side-diamonds","","","","","","","","Metal Color","18K Yellow Gold","Diamond Type","0.50ct","Ring Size","EU 54","HALO-RING-SIDE-DIAMONDS-YG-050-EU54","0","","continue","manual","1150.00","","true","true","","","","","false","","","","unisex","adult","","new","true","","","","","","","g","","","true","active"
"halo-ring-side-diamonds","","","","","","","","Metal Color","18K Yellow Gold","Diamond Type","0.50ct","Ring Size","EU 56","HALO-RING-SIDE-DIAMONDS-YG-050-EU56","0","","continue","manual","1150.00","","true","true","","","","","false","","","","unisex","adult","","new","true","","","","","","","g","","","true","active"
"halo-ring-side-diamonds","","","","","","","","Metal Color","18K Yellow Gold","Diamond Type","0.50ct","Ring Size","EU 58","HALO-RING-SIDE-DIAMONDS-YG-050-EU58","0","","continue","manual","1150.00","","true","true","","","","","false","","","","unisex","adult","","new","true","","","","","","","g","","","true","active"
"halo-ring-side-diamonds","","","","","","","","Metal Color","18K Yellow Gold","Diamond Type","0.50ct","Ring Size","EU 60","HALO-RING-SIDE-DIAMONDS-YG-050-EU60","0","","continue","manual","1150.00","","true","true","","","","","false","","","","unisex","adult","","new","true","","","","","","","g","","","true","active"
"halo-ring-side-diamonds","","","","","","","","Metal Color","18K Yellow Gold","Diamond Type","1.00ct","Ring Size","EU 48","HALO-RING-SIDE-DIAMONDS-YG-100-EU48","0","","continue","manual","1350.00","","true","true","","","","","false","","","","unisex","adult","","new","true","","","","","","","g","","","true","active"
"halo-ring-side-diamonds","","","","","","","","Metal Color","18K Yellow Gold","Diamond Type","1.00ct","Ring Size","EU 50","HALO-RING-SIDE-DIAMONDS-YG-100-EU50","0","","continue","manual","1350.00","","true","true","","","","","false","","","","unisex","adult","","new","true","","","","","","","g","","","true","active"
"halo-ring-side-diamonds","","","","","","","","Metal Color","18K Yellow Gold","Diamond Type","1.00ct","Ring Size","EU 52","HALO-RING-SIDE-DIAMONDS-YG-100-EU52","0","","continue","manual","1350.00","","true","true","","","","","false","","","","unisex","adult","","new","true","","","","","","","g","","","true","active"
"halo-ring-side-diamonds","","","","","","","","Metal Color","18K Yellow Gold","Diamond Type","1.00ct","Ring Size","EU 54","HALO-RING-SIDE-DIAMONDS-YG-100-EU54","0","","continue","manual","1350.00","","true","true","","","","","false","","","","unisex","adult","","new","true","","","","","","","g","","","true","active"
"halo-ring-side-diamonds","","","","","","","","Metal Color","18K Yellow Gold","Diamond Type","1.00ct","Ring Size","EU 56","HALO-RING-SIDE-DIAMONDS-YG-100-EU56","0","","continue","manual","1350.00","","true","true","","","","","false","","","","unisex","adult","","new","true","","","","","","","g","","","true","active"
"halo-ring-side-diamonds","","","","","","","","Metal Color","18K Yellow Gold","Diamond Type","1.00ct","Ring Size","EU 58","HALO-RING-SIDE-DIAMONDS-YG-100-EU58","0","","continue","manual","1350.00","","true","true","","","","","false","","","","unisex","adult","","new","true","","","","","","","g","","","true","active"
"halo-ring-side-diamonds","","","","","","","","Metal Color","18K Yellow Gold","Diamond Type","1.00ct","Ring Size","EU 60","HALO-RING-SIDE-DIAMONDS-YG-100-EU60","0","","continue","manual","1350.00","","true","true","","","","","false","","","","unisex","adult","","new","true","","","","","","","g","","","true","active"
"halo-ring-side-diamonds","","","","","","","","Metal Color","18K Yellow Gold","Diamond Type","1.50ct","Ring Size","EU 48","HALO-RING-SIDE-DIAMONDS-YG-150-EU48","0","","continue","manual","1610.00","","true","true","","","","","false","","","","unisex","adult","","new","true","","","","","","","g","","","true","active"
"halo-ring-side-diamonds","","","","","","","","Metal Color","18K Yellow Gold","Diamond Type","1.50ct","Ring Size","EU 50","HALO-RING-SIDE-DIAMONDS-YG-150-EU50","0","","continue","manual","1610.00","","true","true","","","","","false","","","","unisex","adult","","new","true","","","","","","","g","","","true","active"
"halo-ring-side-diamonds","","","","","","","","Metal Color","18K Yellow Gold","Diamond Type","1.50ct","Ring Size","EU 52","HALO-RING-SIDE-DIAMONDS-YG-150-EU52","0","","continue","manual","1610.00","","true","true","","","","","false","","","","unisex","adult","","new","true","","","","","","","g","","","true","active"
"halo-ring-side-diamonds","","","","","","","","Metal Color","18K Yellow Gold","Diamond Type","1.50ct","Ring Size","EU 54","HALO-RING-SIDE-DIAMONDS-YG-150-EU54","0","","continue","manual","1610.00","","true","true","","","","","false","","","","unisex","adult","","new","true","","","","","","","g","","","true","active"
"halo-ring-side-diamonds","","","","","","","","Metal Color","18K Yellow Gold","Diamond Type","1.50ct","Ring Size","EU 56","HALO-RING-SIDE-DIAMONDS-YG-150-EU56","0","","continue","manual","1610.00","","true","true","","","","","false","","","","unisex","adult","","new","true","","","","","","","g","","","true","active"
"halo-ring-side-diamonds","","","","","","","","Metal Color","18K Yellow Gold","Diamond Type","1.50ct","Ring Size","EU 58","HALO-RING-SIDE-DIAMONDS-YG-150-EU58","0","","continue","manual","1610.00","","true","true","","","","","false","","","","unisex","adult","","new","true","","","","","","","g","","","true","active"
"halo-ring-side-diamonds","","","","","","","","Metal Color","18K Yellow Gold","Diamond Type","1.50ct","Ring Size","EU 60","HALO-RING-SIDE-DIAMONDS-YG-150-EU60","0","","continue","manual","1610.00","","true","true","","","","","false","","","","unisex","adult","","new","true","","","","","","","g","","","true","active"
"halo-ring-side-diamonds","","","","","","","","Metal Color","18K Yellow Gold","Diamond Type","Natural Diamond","Ring Size","EU 48","HALO-RING-SIDE-DIAMONDS-YG-Natural-Diamond-EU48","0","","continue","manual","3360.00","","true","true","","","","","false","","","","unisex","adult","","new","true","","","","","","","g","","","true","active"
"halo-ring-side-diamonds","","","","","","","","Metal Color","18K Yellow Gold","Diamond Type","Natural Diamond","Ring Size","EU 50","HALO-RING-SIDE-DIAMONDS-YG-Natural-Diamond-EU50","0","","continue","manual","3360.00","","true","true","","","","","false","","","","unisex","adult","","new","true","","","","","","","g","","","true","active"
"halo-ring-side-diamonds","","","","","","","","Metal Color","18K Yellow Gold","Diamond Type","Natural Diamond","Ring Size","EU 52","HALO-RING-SIDE-DIAMONDS-YG-Natural-Diamond-EU52","0","","continue","manual","3360.00","","true","true","","","","","false","","","","unisex","adult","","new","true","","","","","","","g","","","true","active"
"halo-ring-side-diamonds","","","","","","","","Metal Color","18K Yellow Gold","Diamond Type","Natural Diamond","Ring Size","EU 54","HALO-RING-SIDE-DIAMONDS-YG-Natural-Diamond-EU54","0","","continue","manual","3360.00","","true","true","","","","","false","","","","unisex","adult","","new","true","","","","","","","g","","","true","active"
"halo-ring-side-diamonds","","","","","","","","Metal Color","18K Yellow Gold","Diamond Type","Natural Diamond","Ring Size","EU 56","HALO-RING-SIDE-DIAMONDS-YG-Natural-Diamond-EU56","0","","continue","manual","3360.00","","true","true","","","","","false","","","","unisex","adult","","new","true","","","","","","","g","","","true","active"
"halo-ring-side-diamonds","","","","","","","","Metal Color","18K Yellow Gold","Diamond Type","Natural Diamond","Ring Size","EU 58","HALO-RING-SIDE-DIAMONDS-YG-Natural-Diamond-EU58","0","","continue","manual","3360.00","","true","true","","","","","false","","","","unisex","adult","","new","true","","","","","","","g","","","true","active"
"halo-ring-side-diamonds","","","","","","","","Metal Color","18K Yellow Gold","Diamond Type","Natural Diamond","Ring Size","EU 60","HALO-RING-SIDE-DIAMONDS-YG-Natural-Diamond-EU60","0","","continue","manual","3360.00","","true","true","","","","","false","","","","unisex","adult","","new","true","","","","","","","g","","","true","active"
"halo-ring-side-diamonds","","","","","","","","Metal Color","18K White Gold","Diamond Type","0.50ct","Ring Size","EU 48","HALO-RING-SIDE-DIAMONDS-WG-050-EU48","0","","continue","manual","1150.00","","true","true","","","","","false","","","","unisex","adult","","new","true","","","","","","","g","","","true","active"
"halo-ring-side-diamonds","","","","","","","","Metal Color","18K White Gold","Diamond Type","0.50ct","Ring Size","EU 50","HALO-RING-SIDE-DIAMONDS-WG-050-EU50","0","","continue","manual","1150.00","","true","true","","","","","false","","","","unisex","adult","","new","true","","","","","","","g","","","true","active"
"halo-ring-side-diamonds","","","","","","","","Metal Color","18K White Gold","Diamond Type","0.50ct","Ring Size","EU 52","HALO-RING-SIDE-DIAMONDS-WG-050-EU52","0","","continue","manual","1150.00","","true","true","","","","","false","","","","unisex","adult","","new","true","","","","","","","g","","","true","active"
"halo-ring-side-diamonds","","","","","","","","Metal Color","18K White Gold","Diamond Type","0.50ct","Ring Size","EU 54","HALO-RING-SIDE-DIAMONDS-WG-050-EU54","0","","continue","manual","1150.00","","true","true","","","","","false","","","","unisex","adult","","new","true","","","","","","","g","","","true","active"
"halo-ring-side-diamonds","","","","","","","","Metal Color","18K White Gold","Diamond Type","0.50ct","Ring Size","EU 56","HALO-RING-SIDE-DIAMONDS-WG-050-EU56","0","","continue","manual","1150.00","","true","true","","","","","false","","","","unisex","adult","","new","true","","","","","","","g","","","true","active"
"halo-ring-side-diamonds","","","","","","","","Metal Color","18K White Gold","Diamond Type","0.50ct","Ring Size","EU 58","HALO-RING-SIDE-DIAMONDS-WG-050-EU58","0","","continue","manual","1150.00","","true","true","","","","","false","","","","unisex","adult","","new","true","","","","","","","g","","","true","active"
"halo-ring-side-diamonds","","","","","","","","Metal Color","18K White Gold","Diamond Type","0.50ct","Ring Size","EU 60","HALO-RING-SIDE-DIAMONDS-WG-050-EU60","0","","continue","manual","1150.00","","true","true","","","","","false","","","","unisex","adult","","new","true","","","","","","","g","","","true","active"
"halo-ring-side-diamonds","","","","","","","","Metal Color","18K White Gold","Diamond Type","1.00ct","Ring Size","EU 48","HALO-RING-SIDE-DIAMONDS-WG-100-EU48","0","","continue","manual","1350.00","","true","true","","","","","false","","","","unisex","adult","","new","true","","","","","","","g","","","true","active"
"halo-ring-side-diamonds","","","","","","","","Metal Color","18K White Gold","Diamond Type","1.00ct","Ring Size","EU 50","HALO-RING-SIDE-DIAMONDS-WG-100-EU50","0","","continue","manual","1350.00","","true","true","","","","","false","","","","unisex","adult","","new","true","","","","","","","g","","","true","active"
"halo-ring-side-diamonds","","","","","","","","Metal Color","18K White Gold","Diamond Type","1.00ct","Ring Size","EU 52","HALO-RING-SIDE-DIAMONDS-WG-100-EU52","0","","continue","manual","1350.00","","true","true","","","","","false","","","","unisex","adult","","new","true","","","","","","","g","","","true","active"
"halo-ring-side-diamonds","","","","","","","","Metal Color","18K White Gold","Diamond Type","1.00ct","Ring Size","EU 54","HALO-RING-SIDE-DIAMONDS-WG-100-EU54","0","","continue","manual","1350.00","","true","true","","","","","false","","","","unisex","adult","","new","true","","","","","","","g","","","true","active"
"halo-ring-side-diamonds","","","","","","","","Metal Color","18K White Gold","Diamond Type","1.00ct","Ring Size","EU 56","HALO-RING-SIDE-DIAMONDS-WG-100-EU56","0","","continue","manual","1350.00","","true","true","","","","","false","","","","unisex","adult","","new","true","","","","","","","g","","","true","active"
"halo-ring-side-diamonds","","","","","","","","Metal Color","18K White Gold","Diamond Type","1.00ct","Ring Size","EU 58","HALO-RING-SIDE-DIAMONDS-WG-100-EU58","0","","continue","manual","1350.00","","true","true","","","","","false","","","","unisex","adult","","new","true","","","","","","","g","","","true","active"
"halo-ring-side-diamonds","","","","","","","","Metal Color","18K White Gold","Diamond Type","1.00ct","Ring Size","EU 60","HALO-RING-SIDE-DIAMONDS-WG-100-EU60","0","","continue","manual","1350.00","","true","true","","","","","false","","","","unisex","adult","","new","true","","","","","","","g","","","true","active"
"halo-ring-side-diamonds","","","","","","","","Metal Color","18K White Gold","Diamond Type","1.50ct","Ring Size","EU 48","HALO-RING-SIDE-DIAMONDS-WG-150-EU48","0","","continue","manual","1610.00","","true","true","","","","","false","","","","unisex","adult","","new","true","","","","","","","g","","","true","active"
"halo-ring-side-diamonds","","","","","","","","Metal Color","18K White Gold","Diamond Type","1.50ct","Ring Size","EU 50","HALO-RING-SIDE-DIAMONDS-WG-150-EU50","0","","continue","manual","1610.00","","true","true","","","","","false","","","","unisex","adult","","new","true","","","","","","","g","","","true","active"
"halo-ring-side-diamonds","","","","","","","","Metal Color","18K White Gold","Diamond Type","1.50ct","Ring Size","EU 52","HALO-RING-SIDE-DIAMONDS-WG-150-EU52","0","","continue","manual","1610.00","","true","true","","","","","false","","","","unisex","adult","","new","true","","","","","","","g","","","true","active"
"halo-ring-side-diamonds","","","","","","","","Metal Color","18K White Gold","Diamond Type","1.50ct","Ring Size","EU 54","HALO-RING-SIDE-DIAMONDS-WG-150-EU54","0","","continue","manual","1610.00","","true","true","","","","","false","","","","unisex","adult","","new","true","","","","","","","g","","","true","active"
"halo-ring-side-diamonds","","","","","","","","Metal Color","18K White Gold","Diamond Type","1.50ct","Ring Size","EU 56","HALO-RING-SIDE-DIAMONDS-WG-150-EU56","0","","continue","manual","1610.00","","true","true","","","","","false","","","","unisex","adult","","new","true","","","","","","","g","","","true","active"
"halo-ring-side-diamonds","","","","","","","","Metal Color","18K White Gold","Diamond Type","1.50ct","Ring Size","EU 58","HALO-RING-SIDE-DIAMONDS-WG-150-EU58","0","","continue","manual","1610.00","","true","true","","","","","false","","","","unisex","adult","","new","true","","","","","","","g","","","true","active"
"halo-ring-side-diamonds","","","","","","","","Metal Color","18K White Gold","Diamond Type","1.50ct","Ring Size","EU 60","HALO-RING-SIDE-DIAMONDS-WG-150-EU60","0","","continue","manual","1610.00","","true","true","","","","","false","","","","unisex","adult","","new","true","","","","","","","g","","","true","active"
"halo-ring-side-diamonds","","","","","","","","Metal Color","18K White Gold","Diamond Type","Natural Diamond","Ring Size","EU 48","HALO-RING-SIDE-DIAMONDS-WG-Natural-Diamond-EU48","0","","continue","manual","3360.00","","true","true","","","","","false","","","","unisex","adult","","new","true","","","","","","","g","","","true","active"
"halo-ring-side-diamonds","","","","","","","","Metal Color","18K White Gold","Diamond Type","Natural Diamond","Ring Size","EU 50","HALO-RING-SIDE-DIAMONDS-WG-Natural-Diamond-EU50","0","","continue","manual","3360.00","","true","true","","","","","false","","","","unisex","adult","","new","true","","","","","","","g","","","true","active"
"halo-ring-side-diamonds","","","","","","","","Metal Color","18K White Gold","Diamond Type","Natural Diamond","Ring Size","EU 52","HALO-RING-SIDE-DIAMONDS-WG-Natural-Diamond-EU52","0","","continue","manual","3360.00","","true","true","","","","","false","","","","unisex","adult","","new","true","","","","","","","g","","","true","active"
"halo-ring-side-diamonds","","","","","","","","Metal Color","18K White Gold","Diamond Type","Natural Diamond","Ring Size","EU 54","HALO-RING-SIDE-DIAMONDS-WG-Natural-Diamond-EU54","0","","continue","manual","3360.00","","true","true","","","","","false","","","","unisex","adult","","new","true","","","","","","","g","","","true","active"
"halo-ring-side-diamonds","","","","","","","","Metal Color","18K White Gold","Diamond Type","Natural Diamond","Ring Size","EU 56","HALO-RING-SIDE-DIAMONDS-WG-Natural-Diamond-EU56","0","","continue","manual","3360.00","","true","true","","","","","false","","","","unisex","adult","","new","true","","","","","","","g","","","true","active"
"halo-ring-side-diamonds","","","","","","","","Metal Color","18K White Gold","Diamond Type","Natural Diamond","Ring Size","EU 58","HALO-RING-SIDE-DIAMONDS-WG-Natural-Diamond-EU58","0","","continue","manual","3360.00","","true","true","","","","","false","","","","unisex","adult","","new","true","","","","","","","g","","","true","active"
"halo-ring-side-diamonds","","","","","","","","Metal Color","18K White Gold","Diamond Type","Natural Diamond","Ring Size","EU 60","HALO-RING-SIDE-DIAMONDS-WG-Natural-Diamond-EU60","0","","continue","manual","3360.00","","true","true","","","","","false","","","","unisex","adult","","new","true","","","","","","","g","","","true","active"
"halo-ring-side-diamonds","","","","","","","","Metal Color","18K Rose Gold","Diamond Type","0.50ct","Ring Size","EU 48","HALO-RING-SIDE-DIAMONDS-RG-050-EU48","0","","continue","manual","1150.00","","true","true","","","","","false","","","","unisex","adult","","new","true","","","","","","","g","","","true","active"
"halo-ring-side-diamonds","","","","","","","","Metal Color","18K Rose Gold","Diamond Type","0.50ct","Ring Size","EU 50","HALO-RING-SIDE-DIAMONDS-RG-050-EU50","0","","continue","manual","1150.00","","true","true","","","","","false","","","","unisex","adult","","new","true","","","","","","","g","","","true","active"
"halo-ring-side-diamonds","","","","","","","","Metal Color","18K Rose Gold","Diamond Type","0.50ct","Ring Size","EU 52","HALO-RING-SIDE-DIAMONDS-RG-050-EU52","0","","continue","manual","1150.00","","true","true","","","","","false","","","","unisex","adult","","new","true","","","","","","","g","","","true","active"
"halo-ring-side-diamonds","","","","","","","","Metal Color","18K Rose Gold","Diamond Type","0.50ct","Ring Size","EU 54","HALO-RING-SIDE-DIAMONDS-RG-050-EU54","0","","continue","manual","1150.00","","true","true","","","","","false","","","","unisex","adult","","new","true","","","","","","","g","","","true","active"
"halo-ring-side-diamonds","","","","","","","","Metal Color","18K Rose Gold","Diamond Type","0.50ct","Ring Size","EU 56","HALO-RING-SIDE-DIAMONDS-RG-050-EU56","0","","continue","manual","1150.00","","true","true","","","","","false","","","","unisex","adult","","new","true","","","","","","","g","","","true","active"
"halo-ring-side-diamonds","","","","","","","","Metal Color","18K Rose Gold","Diamond Type","0.50ct","Ring Size","EU 58","HALO-RING-SIDE-DIAMONDS-RG-050-EU58","0","","continue","manual","1150.00","","true","true","","","","","false","","","","unisex","adult","","new","true","","","","","","","g","","","true","active"
"halo-ring-side-diamonds","","","","","","","","Metal Color","18K Rose Gold","Diamond Type","0.50ct","Ring Size","EU 60","HALO-RING-SIDE-DIAMONDS-RG-050-EU60","0","","continue","manual","1150.00","","true","true","","","","","false","","","","unisex","adult","","new","true","","","","","","","g","","","true","active"
"halo-ring-side-diamonds","","","","","","","","Metal Color","18K Rose Gold","Diamond Type","1.00ct","Ring Size","EU 48","HALO-RING-SIDE-DIAMONDS-RG-100-EU48","0","","continue","manual","1350.00","","true","true","","","","","false","","","","unisex","adult","","new","true","","","","","","","g","","","true","active"
"halo-ring-side-diamonds","","","","","","","","Metal Color","18K Rose Gold","Diamond Type","1.00ct","Ring Size","EU 50","HALO-RING-SIDE-DIAMONDS-RG-100-EU50","0","","continue","manual","1350.00","","true","true","","","","","false","","","","unisex","adult","","new","true","","","","","","","g","","","true","active"
"halo-ring-side-diamonds","","","","","","","","Metal Color","18K Rose Gold","Diamond Type","1.00ct","Ring Size","EU 52","HALO-RING-SIDE-DIAMONDS-RG-100-EU52","0","","continue","manual","1350.00","","true","true","","","","","false","","","","unisex","adult","","new","true","","","","","","","g","","","true","active"
"halo-ring-side-diamonds","","","","","","","","Metal Color","18K Rose Gold","Diamond Type","1.00ct","Ring Size","EU 54","HALO-RING-SIDE-DIAMONDS-RG-100-EU54","0","","continue","manual","1350.00","","true","true","","","","","false","","","","unisex","adult","","new","true","","","","","","","g","","","true","active"
"halo-ring-side-diamonds","","","","","","","","Metal Color","18K Rose Gold","Diamond Type","1.00ct","Ring Size","EU 56","HALO-RING-SIDE-DIAMONDS-RG-100-EU56","0","","continue","manual","1350.00","","true","true","","","","","false","","","","unisex","adult","","new","true","","","","","","","g","","","true","active"
"halo-ring-side-diamonds","","","","","","","","Metal Color","18K Rose Gold","Diamond Type","1.00ct","Ring Size","EU 58","HALO-RING-SIDE-DIAMONDS-RG-100-EU58","0","","continue","manual","1350.00","","true","true","","","","","false","","","","unisex","adult","","new","true","","","","","","","g","","","true","active"
"halo-ring-side-diamonds","","","","","","","","Metal Color","18K Rose Gold","Diamond Type","1.00ct","Ring Size","EU 60","HALO-RING-SIDE-DIAMONDS-RG-100-EU60","0","","continue","manual","1350.00","","true","true","","","","","false","","","","unisex","adult","","new","true","","","","","","","g","","","true","active"
"halo-ring-side-diamonds","","","","","","","","Metal Color","18K Rose Gold","Diamond Type","1.50ct","Ring Size","EU 48","HALO-RING-SIDE-DIAMONDS-RG-150-EU48","0","","continue","manual","1610.00","","true","true","","","","","false","","","","unisex","adult","","new","true","","","","","","","g","","","true","active"
"halo-ring-side-diamonds","","","","","","","","Metal Color","18K Rose Gold","Diamond Type","1.50ct","Ring Size","EU 50","HALO-RING-SIDE-DIAMONDS-RG-150-EU50","0","","continue","manual","1610.00","","true","true","","","","","false","","","","unisex","adult","","new","true","","","","","","","g","","","true","active"
"halo-ring-side-diamonds","","","","","","","","Metal Color","18K Rose Gold","Diamond Type","1.50ct","Ring Size","EU 52","HALO-RING-SIDE-DIAMONDS-RG-150-EU52","0","","continue","manual","1610.00","","true","true","","","","","false","","","","unisex","adult","","new","true","","","","","","","g","","","true","active"
"halo-ring-side-diamonds","","","","","","","","Metal Color","18K Rose Gold","Diamond Type","1.50ct","Ring Size","EU 54","HALO-RING-SIDE-DIAMONDS-RG-150-EU54","0","","continue","manual","1610.00","","true","true","","","","","false","","","","unisex","adult","","new","true","","","","","","","g","","","true","active"
"halo-ring-side-diamonds","","","","","","","","Metal Color","18K Rose Gold","Diamond Type","1.50ct","Ring Size","EU 56","HALO-RING-SIDE-DIAMONDS-RG-150-EU56","0","","continue","manual","1610.00","","true","true","","","","","false","","","","unisex","adult","","new","true","","","","","","","g","","","true","active"
"halo-ring-side-diamonds","","","","","","","","Metal Color","18K Rose Gold","Diamond Type","1.50ct","Ring Size","EU 58","HALO-RING-SIDE-DIAMONDS-RG-150-EU58","0","","continue","manual","1610.00","","true","true","","","","","false","","","","unisex","adult","","new","true","","","","","","","g","","","true","active"
"halo-ring-side-diamonds","","","","","","","","Metal Color","18K Rose Gold","Diamond Type","1.50ct","Ring Size","EU 60","HALO-RING-SIDE-DIAMONDS-RG-150-EU60","0","","continue","manual","1610.00","","true","true","","","","","false","","","","unisex","adult","","new","true","","","","","","","g","","","true","active"
"halo-ring-side-diamonds","","","","","","","","Metal Color","18K Rose Gold","Diamond Type","Natural Diamond","Ring Size","EU 48","HALO-RING-SIDE-DIAMONDS-RG-Natural-Diamond-EU48","0","","continue","manual","3360.00","","true","true","","","","","false","","","","unisex","adult","","new","true","","","","","","","g","","","true","active"
"halo-ring-side-diamonds","","","","","","","","Metal Color","18K Rose Gold","Diamond Type","Natural Diamond","Ring Size","EU 50","HALO-RING-SIDE-DIAMONDS-RG-Natural-Diamond-EU50","0","","continue","manual","3360.00","","true","true","","","","","false","","","","unisex","adult","","new","true","","","","","","","g","","","true","active"
"halo-ring-side-diamonds","","","","","","","","Metal Color","18K Rose Gold","Diamond Type","Natural Diamond","Ring Size","EU 52","HALO-RING-SIDE-DIAMONDS-RG-Natural-Diamond-EU52","0","","continue","manual","3360.00","","true","true","","","","","false","","","","unisex","adult","","new","true","","","","","","","g","","","true","active"
"halo-ring-side-diamonds","","","","","","","","Metal Color","18K Rose Gold","Diamond Type","Natural Diamond","Ring Size","EU 54","HALO-RING-SIDE-DIAMONDS-RG-Natural-Diamond-EU54","0","","continue","manual","3360.00","","true","true","","","","","false","","","","unisex","adult","","new","true","","","","","","","g","","","true","active"
"halo-ring-side-diamonds","","","","","","","","Metal Color","18K Rose Gold","Diamond Type","Natural Diamond","Ring Size","EU 56","HALO-RING-SIDE-DIAMONDS-RG-Natural-Diamond-EU56","0","","continue","manual","3360.00","","true","true","","","","","false","","","","unisex","adult","","new","true","","","","","","","g","","","true","active"
"halo-ring-side-diamonds","","","","","","","","Metal Color","18K Rose Gold","Diamond Type","Natural Diamond","Ring Size","EU 58","HALO-RING-SIDE-DIAMONDS-RG-Natural-Diamond-EU58","0","","continue","manual","3360.00","","true","true","","","","","false","","","","unisex","adult","","new","true","","","","","","","g","","","true","active"
"halo-ring-side-diamonds","","","","","","","","Metal Color","18K Rose Gold","Diamond Type","Natural Diamond","Ring Size","EU 60","HALO-RING-SIDE-DIAMONDS-RG-Natural-Diamond-EU60","0","","continue","manual","3360.00","","true","true","","","","","false","","","","unisex","adult","","new","true","","","","","","","g","","","true","active"