Handle,Title,Body (HTML),Vendor,Product Category,Type,Tags,Published,Option1 Name,Option1 Value,Option1 Linked To,Option2 Name,Option2 Value,Option2 Linked To,Option3 Name,Option3 Value,Option3 Linked To,Variant SKU,Variant Grams,Variant Inventory Tracker,Variant Inventory Policy,Variant Fulfillment Service,Variant Price,Variant Compare At Price,Variant Requires Shipping,Variant Taxable,Unit Price Total Measure,Unit Price Total Measure Unit,Unit Price Base Measure,Unit Price Base Measure Unit,Variant Barcode,Image Src,Image Position,Image Alt Text,Gift Card,SEO Title,SEO Description,Age group (product.metafields.shopify.age-group),Color (product.metafields.shopify.color-pattern),Jewelry material (product.metafields.shopify.jewelry-material),Jewelry type (product.metafields.shopify.jewelry-type),Necklace design (product.metafields.shopify.necklace-design),Ring design (product.metafields.shopify.ring-design),Ring size (product.metafields.shopify.ring-size),Target gender (product.metafields.shopify.target-gender),Variant Image,Variant Weight Unit,Variant Tax Code,Cost per item,Status
18k-gold-lab-grown-diamond-solitaire-engagement-ring-1-50ct,18K Gold Lab-Grown Diamond Solitaire Engagement Ring - 1.50ct,"<p>Experience true luxury with this magnificent 1.50 carat solitaire engagement ring. This show-stopping piece features an exceptional lab-grown diamond (D color, VS2 clarity) that commands attention while maintaining the elegance of classic design.<br><br>Set in premium 18K gold, the substantial 1.50 carat round-cut diamond delivers unparalleled brilliance and fire. This is the ultimate symbol of love - impressive in size, flawless in quality, and perfect in its simplicity. Handcrafted by master jewelers in Antwerp.<br><br>Features:<br>• Center Stone: 1.50 carat IGI/GIA/HRD-certified lab-grown diamond (D–VS2)<br>• Metal: 18K Gold (available in White, Yellow, or Rose Gold)<br>• Setting: Classic solitaire with secure 4-prong setting<br>• Band Style: Comfort-fit, 1.8-2.0mm width<br>• Certification: Includes official diamond certificate (HRD, IGI, or GIA)<br>• Warranty: Lifetime craftsmanship guarantee<br><br>Why You'll Love It:<br>✓ Spectacular 1.50 carat center stone with commanding presence<br>✓ Ethically sourced lab-grown diamond<br>✓ Exceptional D color grade - the pinnacle of colorless beauty<br>✓ VS2 clarity - flawless to the naked eye<br>✓ Timeless solitaire design enhanced by impressive size<br>✓ Handcrafted in Antwerp by master artisans<br>✓ Complimentary first-time resizing<br>✓ Includes luxurious presentation box<br><br>For those who want to make an unforgettable statement while honoring ethical values.<br><br>Price includes tax and official diamond certification.</p>",Diamonds by CS,Apparel & Accessories > Jewelry > Rings,Solitaire Ring,"1.50ct, 18K Gold, D-VS2, Engagement Ring, Lab-Grown Diamond, Round, shape:round, Solitaire",true,Metal Color,Yellow Gold,,,,,,,,SOLITAIRE-150-YG,0.0,,continue,manual,1250.00,,true,true,,,,,,https://cdn.shopify.com/s/files/1/0762/6122/8788/files/18k-gold-lab-grown-diamond-solitaire-engagement-ring-1-50ct-yellow-gold.png?v=1766512624,1,18K Gold Lab-Grown Diamond Solitaire Engagement Ring - 1.50ct Yellow Gold,false,,,,,,,,,,,https://cdn.shopify.com/s/files/1/0762/6122/8788/files/18k-gold-lab-grown-diamond-solitaire-engagement-ring-1-50ct-yellow-gold.png?v=1766512624,kg,,,active
18k-gold-lab-grown-diamond-solitaire-engagement-ring-1-50ct,,,,,,,,,White Gold,,,,,,,,SOLITAIRE-150-WG,0.0,,continue,manual,1250.00,,true,true,,,,,,https://cdn.shopify.com/s/files/1/0762/6122/8788/files/18k-gold-lab-grown-diamond-solitaire-engagement-ring-1-50ct-white-gold.png?v=1766512537,2,18K Gold Lab-Grown Diamond Solitaire Engagement Ring - 1.50ct White gold ,,,,,,,,,,,,https://cdn.shopify.com/s/files/1/0762/6122/8788/files/18k-gold-lab-grown-diamond-solitaire-engagement-ring-1-50ct-white-gold.png?v=1766512537,kg,,,
18k-gold-lab-grown-diamond-solitaire-engagement-ring-1-50ct,,,,,,,,,Rose Gold,,,,,,,,SOLITAIRE-150-RG,0.0,,continue,manual,1250.00,,true,true,,,,,,https://cdn.shopify.com/s/files/1/0762/6122/8788/files/18k-gold-lab-grown-diamond-solitaire-engagement-ring-1-50ct-rose-gold_88fa142f-97f7-4252-bdda-6d742c6fd8bc.png?v=1766512581,3,18K Gold Lab-Grown Diamond Solitaire Engagement Ring - 1.50ct Rose Gold,,,,,,,,,,,,https://cdn.shopify.com/s/files/1/0762/6122/8788/files/18k-gold-lab-grown-diamond-solitaire-engagement-ring-1-50ct-rose-gold_88fa142f-97f7-4252-bdda-6d742c6fd8bc.png?v=1766512581,kg,,,
18k-gold-lab-grown-diamond-solitaire-engagement-ring-1-00ct,18K Gold Lab-Grown Diamond Solitaire Engagement Ring - 1.00ct,"Make a statement with this breathtaking 1.00 carat solitaire engagement ring. Featuring a full carat lab-grown diamond (D color, VS2 clarity) set in luxurious 18K gold, this ring combines impressive size with exceptional quality.<br><br>The brilliant round-cut diamond captures and reflects light from every angle, creating mesmerizing sparkle that will take her breath away. Handcrafted with precision in Antwerp, this ring represents the pinnacle of ethical luxury and timeless design.<br><br>Features:<br>• Center Stone: 1.00 carat IGI/GIA/HRD-certified lab-grown diamond (D–VS2)<br>• Metal: 18K Gold (available in White, Yellow, or Rose Gold)<br>• Setting: Classic solitaire with secure 4-prong setting<br>• Band Style: Comfort-fit, 1.8-2.0mm width<br>• Certification: Includes official diamond certificate (HRD, IGI, or GIA)<br>• Warranty: Lifetime craftsmanship guarantee<br><br>Why You'll Love It:<br>✓ Full 1.00 carat center stone with maximum presence<br>✓ Ethically sourced lab-grown diamond<br>✓ Exceptional D color grade - perfectly colorless<br>✓ VS2 clarity - eye-clean with brilliant fire<br>✓ Classic design that stands the test of time<br>✓ Handcrafted in Antwerp's prestigious diamond district<br>✓ Complimentary first-time resizing<br>✓ Includes elegant presentation box<br><br>The perfect choice for those seeking maximum impact with ethical values.<br><br>Price includes tax and official diamond certification.",Diamonds by CS,Apparel & Accessories > Jewelry > Rings,Solitaire Ring,"1.00ct, 18K Gold, D-VS2, Engagement Ring, Lab-Grown Diamond, Round, shape:round, Solitaire",true,Metal Color,Yellow Gold,,,,,,,,SOLITAIRE-100-YG,0.0,,continue,manual,990.00,,true,true,,,,,,https://cdn.shopify.com/s/files/1/0762/6122/8788/files/18k-gold-lab-grown-diamond-solitaire-engagement-ring-1-00ct.png?v=1766512807,1,18K Gold Lab-Grown Diamond Solitaire Engagement Ring - 1.00ct,false,,,,whte-gold; yellow-gold; rose-gold,,,,solitaire,,female,https://cdn.shopify.com/s/files/1/0762/6122/8788/files/18k-gold-lab-grown-diamond-solitaire-engagement-ring-1-00ct.png?v=1766512807,kg,,,active
18k-gold-lab-grown-diamond-solitaire-engagement-ring-1-00ct,,,,,,,,,White Gold,,,,,,,,SOLITAIRE-100-WG,0.0,,continue,manual,990.00,,true,true,,,,,,https://cdn.shopify.com/s/files/1/0762/6122/8788/files/18k-gold-lab-grown-diamond-solitaire-engagement-ring-1-00ct-white-gold.png?v=1766512858,2,18K Gold Lab-Grown Diamond Solitaire Engagement Ring - 1.00ct - White gold,,,,,,,,,,,,https://cdn.shopify.com/s/files/1/0762/6122/8788/files/18k-gold-lab-grown-diamond-solitaire-engagement-ring-1-00ct-white-gold.png?v=1766512858,kg,,,
18k-gold-lab-grown-diamond-solitaire-engagement-ring-1-00ct,,,,,,,,,Rose Gold,,,,,,,,SOLITAIRE-100-RG,0.0,,continue,manual,990.00,,true,true,,,,,,https://cdn.shopify.com/s/files/1/0762/6122/8788/files/18k-gold-lab-grown-diamond-solitaire-engagement-ring-1-00ct-rose-gold-round-diamond.png?v=1766512923,3,18K Gold Lab-Grown Diamond Solitaire Engagement Ring - 1.00ct Rose gold round diamond,,,,,,,,,,,,https://cdn.shopify.com/s/files/1/0762/6122/8788/files/18k-gold-lab-grown-diamond-solitaire-engagement-ring-1-00ct-rose-gold-round-diamond.png?v=1766512923,kg,,,
18k-gold-lab-grown-diamond-solitaire-engagement-ring-0-50ct,18K Gold Lab-Grown Diamond Solitaire Engagement Ring - 0.50ct,"Timeless elegance meets ethical luxury. This classic solitaire engagement ring features a stunning 0.50 carat lab-grown diamond (D color, VS2 clarity) set in premium 18K gold.<br><br>The brilliant round-cut diamond is secured in a traditional 4-prong setting that maximizes light reflection and showcases the stone's exceptional fire and brilliance. Handcrafted in Antwerp with meticulous attention to detail, this ring represents the perfect symbol of enduring love.<br><br>Features:<br>• Center Stone: 0.50 carat IGI/GIA/HRD-certified lab-grown diamond (D–VS2)<br>• Metal: 18K Gold (available in White, Yellow, or Rose Gold)<br>• Setting: Classic solitaire with secure 4-prong setting<br>• Band Style: Comfort-fit, 1.8-2.0mm width<br>• Certification: Includes official diamond certificate (HRD, IGI, or GIA)<br>• Warranty: Lifetime craftsmanship guarantee<br><br>Why You'll Love It:<br>✓ Ethically sourced lab-grown diamond with identical properties to mined diamonds<br>✓ Exceptional D color grade - the highest colorless rating<br>✓ VS2 clarity - eye-clean with excellent brilliance<br>✓ Timeless solitaire design that never goes out of style<br>✓ Handcrafted in Antwerp's diamond district<br>✓ Complimentary first-time resizing<br>✓ Includes elegant presentation box<br><br>Perfect for proposals, anniversaries, or as a symbol of eternal commitment.<br><br>Price includes tax and official diamond certification.",Diamonds by CS,Apparel & Accessories > Jewelry > Rings,Solitaire Ring,"0.50ct, 18K Gold, D-VS2, Engagement Ring, Lab-Grown Diamond, Round, shape:round, Solitaire",true,Metal Color,Yellow Gold,,,,,,,,SOLITAIRE-050-YG,0.0,,continue,manual,790.00,,true,true,,,,,,https://cdn.shopify.com/s/files/1/0762/6122/8788/files/18k-gold-lab-grown-diamond-solitaire-engagement-ring-0-50ct.png?v=1766513114,1,18K Gold Lab-Grown Diamond Solitaire Engagement Ring - 0.50ct,false,,,,,,,,,,,https://cdn.shopify.com/s/files/1/0762/6122/8788/files/18k-gold-lab-grown-diamond-solitaire-engagement-ring-1-50ct-yellow-gold.png?v=1766512624,kg,,,active
18k-gold-lab-grown-diamond-solitaire-engagement-ring-0-50ct,,,,,,,,,White Gold,,,,,,,,SOLITAIRE-050-WG,0.0,,continue,manual,790.00,,true,true,,,,,,https://cdn.shopify.com/s/files/1/0762/6122/8788/files/18k-gold-lab-grown-diamond-solitaire-engagement-ring-0-50ct-round-rose-gold.png?v=1766513168,2,18K Gold Lab-Grown Diamond Solitaire Engagement Ring - 0.50ct Round Rose Gold,,,,,,,,,,,,https://cdn.shopify.com/s/files/1/0762/6122/8788/files/18k-gold-lab-grown-diamond-solitaire-engagement-ring-1-50ct-white-gold.png?v=1766512537,kg,,,
18k-gold-lab-grown-diamond-solitaire-engagement-ring-0-50ct,,,,,,,,,Rose Gold,,,,,,,,SOLITAIRE-050-RG,0.0,,continue,manual,790.00,,true,true,,,,,,https://cdn.shopify.com/s/files/1/0762/6122/8788/files/18k-gold-lab-grown-diamond-solitaire-engagement-ring-1-50ct-yellow-gold.png?v=1766512624,3,18K Gold Lab-Grown Diamond Solitaire Engagement Ring - 1.50ct Yellow Gold,,,,,,,,,,,,https://cdn.shopify.com/s/files/1/0762/6122/8788/files/18k-gold-lab-grown-diamond-solitaire-engagement-ring-1-50ct-rose-gold_88fa142f-97f7-4252-bdda-6d742c6fd8bc.png?v=1766512581,kg,,,
18k-gold-lab-grown-diamond-solitaire-engagement-ring-0-50ct,,,,,,,,,,,,,,,,,,,,,,,,,,,,,,,https://cdn.shopify.com/s/files/1/0762/6122/8788/files/18k-gold-lab-grown-diamond-solitaire-engagement-ring-1-50ct-white-gold.png?v=1766512537,4,18K Gold Lab-Grown Diamond Solitaire Engagement Ring - 1.50ct White gold ,,,,,,,,,,,,,,,,
18k-gold-lab-grown-diamond-solitaire-engagement-ring-0-50ct,,,,,,,,,,,,,,,,,,,,,,,,,,,,,,,https://cdn.shopify.com/s/files/1/0762/6122/8788/files/18k-gold-lab-grown-diamond-solitaire-engagement-ring-1-50ct-rose-gold_88fa142f-97f7-4252-bdda-6d742c6fd8bc.png?v=1766512581,5,18K Gold Lab-Grown Diamond Solitaire Engagement Ring - 1.50ct Rose Gold,,,,,,,,,,,,,,,,
timeless-diamond-stud-earrings-18k-gold-1-00ct,Timeless Diamond Stud Earrings – 18K Gold – 1.00ct,"Experience true luxury with these magnificent 1.00 carat diamond stud earrings. These show-stopping earrings deliver impressive presence while maintaining the timeless elegance of classic design.<br><br>Available in 18K Yellow, White, and Rose Gold, each pair features a full 1.00 carat total weight of lab-grown diamonds (D-VS2 clarity). Handcrafted in Antwerp with master craftsmanship.<br><br>Features:<br>• Total Carat Weight: 1.00ct (0.50ct per earring)<br>• Diamond Quality: D color, VS2 clarity, lab-grown<br>• Metal: 18K Gold (available in Yellow, White, or Rose Gold)<br>• Setting: Classic 4-prong stud setting<br>• Backing: Secure screw-back closure<br>• Certification: Includes official diamond certificate (HRD, IGI, or GIA)<br><br>Why You'll Love Them:<br>✓ Full carat weight with maximum presence<br>✓ Timeless design enhanced by impressive size<br>✓ Ethically sourced lab-grown diamonds<br>✓ Exceptional D color grade - perfectly colorless<br>✓ VS2 clarity - flawless to the naked eye<br>✓ Handcrafted in Antwerp by master artisans<br>✓ Includes luxurious presentation box<br><br>Available Diamond Shapes:<br>• Round (Classic)<br>• Princess<br>• Cushion<br>• Oval<br>• Emerald<br>• Pear<br>• Radiant<br>• Asscher<br><br>Also available with natural diamonds - price on request.<br>Can be personalized with your birthstone for a meaningful gift.<br><br>Perfect holiday gift idea!<br><br>Price includes tax and official diamond certification.<br>Includes luxury packaging and free worldwide shipping.",Diamonds by CS,Apparel & Accessories > Jewelry > Earrings,Diamond Earrings,"1.00ct, 18k gold, birthstone, D-VS2, Earrings, gift idea, handcrafted, Lab-Grown Diamond, rose gold, studs, timeless, white gold, yellow gold",true,Metal Color,Yellow Gold,,,,,,,,EARRING-100-YG,0.0,,continue,manual,890.00,,true,true,,,,,,https://cdn.shopify.com/s/files/1/0762/6122/8788/files/timeless-diamond-stud-earrings-18k-gold-1-00ct.png?v=1766513366,1,Timeless Diamond Stud Earrings – 18K Gold – 1.00ct,false,,,,,,,,,,,https://cdn.shopify.com/s/files/1/0762/6122/8788/files/timeless-diamond-stud-earrings-18k-gold-1-00ct.png?v=1766513366,kg,,,active
timeless-diamond-stud-earrings-18k-gold-1-00ct,,,,,,,,,White Gold,,,,,,,,EARRING-100-WG,0.0,,continue,manual,890.00,,true,true,,,,,,https://cdn.shopify.com/s/files/1/0762/6122/8788/files/timeless-diamond-stud-earrings-18k-gold-1-00ct-white-gold.png?v=1766513466,2,Timeless Diamond Stud Earrings – 18K Gold – 1.00ct White gold,,,,,,,,,,,,https://cdn.shopify.com/s/files/1/0762/6122/8788/files/timeless-diamond-stud-earrings-18k-gold-1-00ct-white-gold.png?v=1766513466,kg,,,
timeless-diamond-stud-earrings-18k-gold-1-00ct,,,,,,,,,Rose Gold,,,,,,,,EARRING-100-RG,0.0,,continue,manual,890.00,,true,true,,,,,,https://cdn.shopify.com/s/files/1/0762/6122/8788/files/timeless-diamond-stud-earrings-18k-gold-1-00ct-rose-gold_8dca2782-c28a-404d-902b-f4f3ed1f7f91.png?v=1766513519,3,Timeless Diamond Stud Earrings – 18K Gold – 1.00ct Rose Gold,,,,,,,,,,,,https://cdn.shopify.com/s/files/1/0762/6122/8788/files/timeless-diamond-stud-earrings-18k-gold-1-00ct-rose-gold_8dca2782-c28a-404d-902b-f4f3ed1f7f91.png?v=1766513519,kg,,,
timeless-diamond-stud-earrings-18k-gold-0-50ct,Timeless Diamond Stud Earrings – 18K Gold – 0.50ct,"Make a statement with these stunning 0.50 carat diamond stud earrings. Elegant, timeless, and designed for everyday wear — these earrings combine classic beauty with noticeable presence.<br><br>Available in 18K Yellow, White, and Rose Gold, each pair features 0.50 carat total weight of lab-grown diamonds (D-VS2 clarity). Handcrafted in Antwerp with meticulous attention to detail.<br><br>Features:<br>• Total Carat Weight: 0.50ct (0.25ct per earring)<br>• Diamond Quality: D color, VS2 clarity, lab-grown<br>• Metal: 18K Gold (available in Yellow, White, or Rose Gold)<br>• Setting: Classic 4-prong stud setting<br>• Backing: Secure screw-back or push-back closure<br>• Certification: Includes official diamond certificate (HRD, IGI, or GIA)<br><br>Why You'll Love Them:<br>✓ Perfect balance of size and elegance<br>✓ Timeless design that never goes out of style<br>✓ Ethically sourced lab-grown diamonds<br>✓ Exceptional D color grade - perfectly colorless<br>✓ VS2 clarity - eye-clean with brilliant fire<br>✓ Handcrafted in Antwerp's diamond district<br>✓ Includes elegant presentation box<br><br>Available Diamond Shapes:<br>• Round (Classic)<br>• Princess<br>• Cushion<br>• Oval<br>• Emerald<br>• Pear<br>• Radiant<br>• Asscher<br><br>Also available with natural diamonds - price on request.<br>Can be personalized with your birthstone for a meaningful gift.<br><br>Perfect holiday gift idea!<br><br>Price includes tax and official diamond certification.<br>Includes luxury packaging and free worldwide shipping.",Diamonds by CS,Apparel & Accessories > Jewelry > Earrings,Diamond Earrings,"0.50ct, 18k gold, birthstone, D-VS2, Earrings, gift idea, handcrafted, Lab-Grown Diamond, rose gold, studs, timeless, white gold, yellow gold",true,Metal Color,Yellow Gold,,,,,,,,EARRING-050-YG,0.0,,continue,manual,590.00,,true,true,,,,,,https://cdn.shopify.com/s/files/1/0762/6122/8788/files/timeless-diamond-stud-earrings-18k-gold-1-00ct.png?v=1766513366,1,Timeless Diamond Stud Earrings – 18K Gold – 1.00ct,false,,,,,,,,,,,https://cdn.shopify.com/s/files/1/0762/6122/8788/files/timeless-diamond-stud-earrings-18k-gold-1-00ct.png?v=1766513366,kg,,,active
timeless-diamond-stud-earrings-18k-gold-0-50ct,,,,,,,,,White Gold,,,,,,,,EARRING-050-WG,0.0,,continue,manual,590.00,,true,true,,,,,,https://cdn.shopify.com/s/files/1/0762/6122/8788/files/timeless-diamond-stud-earrings-18k-gold-1-00ct-white-gold.png?v=1766513466,2,Timeless Diamond Stud Earrings – 18K Gold – 1.00ct White gold,,,,,,,,,,,,https://cdn.shopify.com/s/files/1/0762/6122/8788/files/timeless-diamond-stud-earrings-18k-gold-1-00ct-white-gold.png?v=1766513466,kg,,,
timeless-diamond-stud-earrings-18k-gold-0-50ct,,,,,,,,,Rose Gold,,,,,,,,EARRING-050-RG,0.0,,continue,manual,590.00,,true,true,,,,,,https://cdn.shopify.com/s/files/1/0762/6122/8788/files/timeless-diamond-stud-earrings-18k-gold-1-00ct-rose-gold_8dca2782-c28a-404d-902b-f4f3ed1f7f91.png?v=1766513519,3,Timeless Diamond Stud Earrings – 18K Gold – 1.00ct Rose Gold,,,,,,,,,,,,https://cdn.shopify.com/s/files/1/0762/6122/8788/files/timeless-diamond-stud-earrings-18k-gold-1-00ct-rose-gold_8dca2782-c28a-404d-902b-f4f3ed1f7f91.png?v=1766513519,kg,,,
timeless-diamond-stud-earrings-18k-gold-0-30ct,Timeless Diamond Stud Earrings – 18K Gold – 0.30ct,"Elegant, timeless, and designed for everyday wear — these diamond stud earrings embody classic beauty in its purest form.<br><br>Available in 18K Yellow, White, and Rose Gold, each pair features 0.30 carat total weight of lab-grown diamonds (D-VS2 clarity). Handcrafted in Antwerp with meticulous attention to detail.<br><br>Features:<br>• Total Carat Weight: 0.30ct (0.15ct per earring)<br>• Diamond Quality: D color, VS2 clarity, lab-grown<br>• Metal: 18K Gold (available in Yellow, White, or Rose Gold)<br>• Setting: Classic 4-prong stud setting<br>• Backing: Secure screw-back or push-back closure<br>• Certification: Includes official diamond certificate (HRD, IGI, or GIA)<br><br>Why You'll Love Them:<br>✓ Perfect for everyday wear<br>✓ Timeless design that never goes out of style<br>✓ Ethically sourced lab-grown diamonds<br>✓ Exceptional D color grade - perfectly colorless<br>✓ VS2 clarity - eye-clean with brilliant sparkle<br>✓ Handcrafted in Antwerp's diamond district<br>✓ Includes elegant presentation box<br><br>Available Diamond Shapes:<br>• Round (Classic)<br>• Princess<br>• Cushion<br>• Oval<br>• Emerald<br>• Pear<br>• Radiant<br>• Asscher<br><br>Also available with natural diamonds - price on request.<br>Can be personalized with your birthstone for a meaningful gift.<br><br>Perfect holiday gift idea!<br><br>Price includes tax and official diamond certification.<br>Includes luxury packaging and free worldwide shipping.",Diamonds by CS,Apparel & Accessories > Jewelry > Earrings,Diamond Earrings,"0.30ct, 18k gold, birthstone, D-VS2, Earrings, gift idea, handcrafted, Lab-Grown Diamond, rose gold, studs, timeless, white gold, yellow gold",true,Metal Color,Yellow Gold,,,,,,,,EARRING-030-YG,0.0,,continue,manual,490.00,,true,true,,,,,,https://cdn.shopify.com/s/files/1/0762/6122/8788/files/timeless-diamond-stud-earrings-18k-gold-1-00ct.png?v=1766513366,1,Timeless Diamond Stud Earrings – 18K Gold – 1.00ct,false,,,,,,,,,,,https://cdn.shopify.com/s/files/1/0762/6122/8788/files/timeless-diamond-stud-earrings-18k-gold-1-00ct.png?v=1766513366,kg,,,active
timeless-diamond-stud-earrings-18k-gold-0-30ct,,,,,,,,,White Gold,,,,,,,,EARRING-030-WG,0.0,,continue,manual,490.00,,true,true,,,,,,https://cdn.shopify.com/s/files/1/0762/6122/8788/files/timeless-diamond-stud-earrings-18k-gold-1-00ct-white-gold.png?v=1766513466,2,Timeless Diamond Stud Earrings – 18K Gold – 1.00ct White gold,,,,,,,,,,,,https://cdn.shopify.com/s/files/1/0762/6122/8788/files/timeless-diamond-stud-earrings-18k-gold-1-00ct-white-gold.png?v=1766513466,kg,,,
timeless-diamond-stud-earrings-18k-gold-0-30ct,,,,,,,,,Rose Gold,,,,,,,,EARRING-030-RG,0.0,,continue,manual,490.00,,true,true,,,,,,https://cdn.shopify.com/s/files/1/0762/6122/8788/files/timeless-diamond-stud-earrings-18k-gold-1-00ct-rose-gold_8dca2782-c28a-404d-902b-f4f3ed1f7f91.png?v=1766513519,3,Timeless Diamond Stud Earrings – 18K Gold – 1.00ct Rose Gold,,,,,,,,,,,,https://cdn.shopify.com/s/files/1/0762/6122/8788/files/timeless-diamond-stud-earrings-18k-gold-1-00ct-rose-gold_8dca2782-c28a-404d-902b-f4f3ed1f7f91.png?v=1766513519,kg,,,
timeless-diamond-necklace-18k-gold-1-00ct,Timeless Diamond Necklace – 18K Gold – 1.00ct,"Make a statement with this breathtaking 1.00 carat diamond necklace. The Timeless Diamond Necklace features a full carat brilliant-cut diamond suspended on a delicate 18K gold chain — combining impressive presence with elegant refinement.<br><br>Handcrafted in Antwerp with master craftsmanship, this necklace is the ultimate symbol of luxury and sophistication. The substantial 1.00 carat diamond pendant creates stunning sparkle that draws admiring glances, perfect for both everyday elegance and special occasions.<br><br>Features:<br>• Center Stone: 1.00 carat brilliant-cut lab-grown diamond (D color, VS2 clarity)<br>• Metal: 18K Gold (available in Yellow, White, or Rose Gold)<br>• Chain Length: 16-18 inches adjustable<br>• Chain Style: Delicate cable chain<br>• Setting: Four-prong basket setting<br>• Certification: Includes official diamond certificate (HRD, IGI, or GIA)<br><br>Why You'll Love It:<br>✓ Full carat center stone with maximum presence<br>✓ Timeless design enhanced by impressive size<br>✓ Ethically sourced lab-grown diamond<br>✓ Exceptional D color grade - perfectly colorless<br>✓ VS2 clarity - flawless to the naked eye<br>✓ Handcrafted in Antwerp by master artisans<br>✓ Includes luxurious presentation box<br><br>Available Diamond Shapes:<br>• Round (Classic)<br>• Princess<br>• Cushion<br>• Oval<br>• Emerald<br>• Pear<br>• Heart<br>• And more custom shapes<br><br>Also available with natural diamonds - price on request.<br>The ultimate luxury gift that will be treasured forever!<br><br>Price includes tax and official diamond certification.<br>Includes luxury packaging and free worldwide shipping.",Diamonds by CS,Apparel & Accessories > Jewelry > Necklaces,Diamond Necklace,"1.00ct, 18k gold, D-VS2, diamond necklace, gift idea, handcrafted, Lab-Grown Diamond, Necklace, rose gold, timeless, white gold, yellow gold",true,Metal Color,Yellow Gold,,,,,,,,NECKLACE-100-YG,0.0,,continue,manual,1190.00,,true,true,,,,,,https://cdn.shopify.com/s/files/1/0762/6122/8788/files/unnamed_6.jpg?v=1761490627,1,"",false,,,,,,,,,,,https://cdn.shopify.com/s/files/1/0762/6122/8788/files/unnamed_6.jpg?v=1761490627,kg,,,active
timeless-diamond-necklace-18k-gold-1-00ct,,,,,,,,,White Gold,,,,,,,,NECKLACE-100-WG,0.0,,continue,manual,1190.00,,true,true,,,,,,https://cdn.shopify.com/s/files/1/0762/6122/8788/files/unnamed_5.jpg?v=1761490616,2,"",,,,,,,,,,,,https://cdn.shopify.com/s/files/1/0762/6122/8788/files/unnamed_5.jpg?v=1761490616,kg,,,
timeless-diamond-necklace-18k-gold-1-00ct,,,,,,,,,Rose Gold,,,,,,,,NECKLACE-100-RG,0.0,,continue,manual,1190.00,,true,true,,,,,,https://cdn.shopify.com/s/files/1/0762/6122/8788/files/unnamed_7.jpg?v=1761490646,3,"",,,,,,,,,,,,https://cdn.shopify.com/s/files/1/0762/6122/8788/files/unnamed_7.jpg?v=1761490646,kg,,,
timeless-diamond-necklace-18k-gold-0-50ct,Timeless Diamond Necklace – 18K Gold – 0.50ct,"A minimalist masterpiece designed for everyday wear. The Timeless Diamond Necklace features a stunning 0.50 carat brilliant-cut diamond suspended on a delicate 18K gold chain — elegant, versatile, and perfect for any occasion.<br><br>Handcrafted in Antwerp with meticulous attention to detail, this necklace combines timeless design with ethical luxury. The single diamond pendant catches the light beautifully, creating subtle sparkle that complements any outfit.<br><br>Features:<br>• Center Stone: 0.50 carat brilliant-cut lab-grown diamond (D color, VS2 clarity)<br>• Metal: 18K Gold (available in Yellow, White, or Rose Gold)<br>• Chain Length: 16-18 inches adjustable<br>• Chain Style: Delicate cable chain<br>• Setting: Four-prong basket setting<br>• Certification: Includes official diamond certificate (HRD, IGI, or GIA)<br><br>Why You'll Love It:<br>✓ Perfect for everyday wear and special occasions<br>✓ Timeless, minimalist design that never goes out of style<br>✓ Ethically sourced lab-grown diamond<br>✓ Exceptional D color grade - perfectly colorless<br>✓ VS2 clarity - eye-clean with brilliant fire<br>✓ Handcrafted in Antwerp's diamond district<br>✓ Includes elegant presentation box<br><br>Available Diamond Shapes:<br>• Round (Classic)<br>• Princess<br>• Cushion<br>• Oval<br>• Emerald<br>• Pear<br>• Heart<br>• And more custom shapes<br><br>Also available with natural diamonds - price on request.<br>Perfect holiday gift idea for someone special!<br><br>Price includes tax and official diamond certification.<br>Includes luxury packaging and free worldwide shipping.",Diamonds by CS,Apparel & Accessories > Jewelry > Necklaces,Diamond Necklace,"0.50ct, 18k gold, D-VS2, diamond necklace, gift idea, handcrafted, Lab-Grown Diamond, Necklace, rose gold, timeless, white gold, yellow gold",true,Metal Color,Yellow Gold,,,,,,,,NECKLACE-050-YG,0.0,,continue,manual,750.00,,true,true,,,,,,https://cdn.shopify.com/s/files/1/0762/6122/8788/files/unnamed_5.jpg?v=1761490616,1,"",false,,,,,,,,,,,,kg,,,active
timeless-diamond-necklace-18k-gold-0-50ct,,,,,,,,,White Gold,,,,,,,,NECKLACE-050-WG,0.0,,continue,manual,750.00,,true,true,,,,,,https://cdn.shopify.com/s/files/1/0762/6122/8788/files/unnamed_6.jpg?v=1761490627,2,"",,,,,,,,,,,,,kg,,,
timeless-diamond-necklace-18k-gold-0-50ct,,,,,,,,,Rose Gold,,,,,,,,NECKLACE-050-RG,0.0,,continue,manual,750.00,,true,true,,,,,,https://cdn.shopify.com/s/files/1/0762/6122/8788/files/unnamed_7.jpg?v=1761490646,3,"",,,,,,,,,,,,,kg,,,
timeless-diamond-earrings,Tijdloze diamanten oorbellen – 18K goud (lab-grown),"<p data-path-to-node=""3"">✨ <b data-path-to-node=""3"" data-index-in-node=""2"">Diamantopties:</b></p>
<ul data-path-to-node=""4"">
<li>
<p data-path-to-node=""4,0,0""><b data-path-to-node=""4,0,0"" data-index-in-node=""0"">Lab-Grown:</b> (0.30 ct / 0.50 ct / 1.00 ct D-VS2)</p>
</li>
<li>
<p data-path-to-node=""4,1,0""><b data-path-to-node=""4,1,0"" data-index-in-node=""0"">Natuurlijk:</b> (prijs op aanvraag)</p>
</li>
</ul>
<p data-path-to-node=""5"">💎 <b data-path-to-node=""5"" data-index-in-node=""3"">Personalisatie:</b></p>
<ul data-path-to-node=""6"">
<li>
<p data-path-to-node=""6,0,0""><b data-path-to-node=""6,0,0"" data-index-in-node=""0"">Kies uw diamantvorm:</b> Briljant (rond), Princess, Cushion, Ovaal, Emerald, Peer, Radiant, Asscher.</p>
</li>
<li>
<p data-path-to-node=""6,1,0"">Personaliseer met uw <b data-path-to-node=""6,1,0"" data-index-in-node=""21"">geboortesteen</b> voor een betekenisvol geschenk.</p>
</li>
</ul>
<p data-path-to-node=""7"">🎁 <b data-path-to-node=""7"" data-index-in-node=""3"">Het perfecte cadeau voor de feestdagen</b> Ontdek uw geboortesteen op onze website.</p>
<ul data-path-to-node=""8"">
<li>
<p data-path-to-node=""8,0,0"">Inclusief btw &amp; certificaat</p>
</li>
<li>
<p data-path-to-node=""8,1,0"">Luxe verpakking en gratis wereldwijde verzending</p>
</li>
<li>
<p data-path-to-node=""8,2,0"">Ambachtelijk vervaardigd in Antwerpen, België</p>
</li>
</ul>
<h3 data-path-to-node=""10"">Enkele suggesties voor de woordkeuze:</h3>
<ul data-path-to-node=""11"">
<li>
<p data-path-to-node=""11,0,0""><b data-path-to-node=""11,0,0"" data-index-in-node=""0"">""Oorknoppen"" vs ""Oorknopjes"":</b> Ik heb gekozen voor ""oorknoppen"" omdat dit iets volwassener en luxueuzer klinkt dan de verkleinvorm.</p>
</li>
<li>
<p data-path-to-node=""11,1,0""><b data-path-to-node=""11,1,0"" data-index-in-node=""0"">""Briljant"":</b> In het Nederlands gebruiken we vaak de term ""Briljant"" in plaats van ""Rond"" wanneer we het over de klassieke ronde slijpvorm van een diamant hebben.</p>
</li>
<li>
<p data-path-to-node=""11,2,0""><b data-path-to-node=""11,2,0"" data-index-in-node=""0"">""Ambachtelijk vervaardigd"":</b> Dit is de standaard vertaling voor <i data-path-to-node=""11,2,0"" data-index-in-node=""63"">handcrafted</i> in een luxe context; het benadrukt het vakmanschap.</p>
</li>
</ul>",Diamonds by CS,Apparel & Accessories > Jewelry > Earrings,Diamond Earrings,"18K Gold, birthstone, diamond earrings, Earrings, gift idea, handcrafted, Lab-Grown Diamond, Rose Gold, studs, timeless, White Gold, Yellow Gold",true,Color,rose-gold,product.metafields.shopify.color-pattern,Diamond Type,Lab-Grown 0.30ct,,,,,DBC-EARRINGS-TIMELESS-30LG-1,50.0,,deny,manual,490.00,,true,true,,,,,"",https://cdn.shopify.com/s/files/1/0762/6122/8788/files/unnamed_9.jpg?v=1761491389,1,"",false,Timeless Diamond Earrings – 18K Gold | Diamonds by CS,"Shop timeless 18K gold diamond earrings handcrafted in Antwerp. Available with lab-grown or natural diamonds in yellow, white, or rose gold — perfect as a holiday gift or meaningful birthstone piece.",,rose-gold; yellow-gold; whte-gold,yellow-gold; rose-gold; white-gold,earings,,,,female,https://cdn.shopify.com/s/files/1/0762/6122/8788/files/unnamed_10.jpg?v=1761770574,kg,,,active
timeless-diamond-earrings,,,,,,,,,rose-gold,,,Lab-Grown 0.50ct,,,,,,50.0,,deny,manual,590.00,,true,true,,,,,"",https://cdn.shopify.com/s/files/1/0762/6122/8788/files/unnamed_10.jpg?v=1761770574,2,"",,,,,,,,,,,,https://cdn.shopify.com/s/files/1/0762/6122/8788/files/unnamed_10.jpg?v=1761770574,kg,,,
timeless-diamond-earrings,,,,,,,,,rose-gold,,,Lab-Grown 1.00ct,,,,,,50.0,,deny,manual,890.00,,true,true,,,,,"",https://cdn.shopify.com/s/files/1/0762/6122/8788/files/unnamed_11.jpg?v=1761491410,3,"",,,,,,,,,,,,https://cdn.shopify.com/s/files/1/0762/6122/8788/files/unnamed_10.jpg?v=1761770574,kg,,,
timeless-diamond-earrings,,,,,,,,,rose-gold,,,Natural Diamond,,,,,,50.0,,deny,manual,0.00,,true,true,,,,,"",,,,,,,,,,,,,,,https://cdn.shopify.com/s/files/1/0762/6122/8788/files/unnamed_10.jpg?v=1761770574,kg,,,
timeless-diamond-earrings,,,,,,,,,yellow-gold,,,Lab-Grown 0.30ct,,,,,DBC-EARRINGS-TIMELESS-30LG-2,50.0,,deny,manual,490.00,,true,true,,,,,"",,,,,,,,,,,,,,,https://cdn.shopify.com/s/files/1/0762/6122/8788/files/unnamed_11.jpg?v=1761491410,kg,,,
timeless-diamond-earrings,,,,,,,,,yellow-gold,,,Lab-Grown 0.50ct,,,,,,50.0,,deny,manual,590.00,,true,true,,,,,"",,,,,,,,,,,,,,,https://cdn.shopify.com/s/files/1/0762/6122/8788/files/unnamed_11.jpg?v=1761491410,kg,,,
timeless-diamond-earrings,,,,,,,,,yellow-gold,,,Lab-Grown 1.00ct,,,,,,50.0,,deny,manual,890.00,,true,true,,,,,"",,,,,,,,,,,,,,,https://cdn.shopify.com/s/files/1/0762/6122/8788/files/unnamed_11.jpg?v=1761491410,kg,,,
timeless-diamond-earrings,,,,,,,,,yellow-gold,,,Natural Diamond,,,,,,50.0,,deny,manual,0.00,,true,true,,,,,"",,,,,,,,,,,,,,,https://cdn.shopify.com/s/files/1/0762/6122/8788/files/unnamed_11.jpg?v=1761491410,kg,,,
timeless-diamond-earrings,,,,,,,,,whte-gold,,,Lab-Grown 0.30ct,,,,,DBC-EARRINGS-TIMELESS-30LG-3,50.0,,deny,manual,490.00,,true,true,,,,,"",,,,,,,,,,,,,,,https://cdn.shopify.com/s/files/1/0762/6122/8788/files/unnamed_9.jpg?v=1761491389,kg,,,
timeless-diamond-earrings,,,,,,,,,whte-gold,,,Lab-Grown 0.50ct,,,,,,50.0,,deny,manual,590.00,,true,true,,,,,"",,,,,,,,,,,,,,,https://cdn.shopify.com/s/files/1/0762/6122/8788/files/unnamed_9.jpg?v=1761491389,kg,,,
timeless-diamond-earrings,,,,,,,,,whte-gold,,,Lab-Grown 1.00ct,,,,,,50.0,,deny,manual,890.00,,true,true,,,,,"",,,,,,,,,,,,,,,https://cdn.shopify.com/s/files/1/0762/6122/8788/files/unnamed_9.jpg?v=1761491389,kg,,,
timeless-diamond-earrings,,,,,,,,,whte-gold,,,Natural Diamond,,,,,,50.0,,deny,manual,0.00,,true,true,,,,,"",,,,,,,,,,,,,,,https://cdn.shopify.com/s/files/1/0762/6122/8788/files/unnamed_9.jpg?v=1761491389,kg,,,
timeless-diamond-necklace,Tijdloos diamanten collier – 18K goud (lab-grown of natuurlijk),"<p data-path-to-node=""1"">Een minimalistisch meesterwerk, ontworpen om elke dag te dragen. De <b data-path-to-node=""1"" data-index-in-node=""68"">Timeless Diamond Necklace</b> van Diamonds by CS is voorzien van een handgezette, briljantgeslepen diamant aan een verfijnde 18K gouden ketting — elegant, veelzijdig en het perfecte geschenk.</p>
<p data-path-to-node=""2"">✨ <b data-path-to-node=""2"" data-index-in-node=""2"">Beschikbaar in:</b></p>
<ul data-path-to-node=""3"">
<li>
<p data-path-to-node=""3,0,0"">18K geelgoud</p>
</li>
<li>
<p data-path-to-node=""3,1,0"">18K witgoud</p>
</li>
<li>
<p data-path-to-node=""3,2,0"">18K roségoud</p>
</li>
</ul>
<p data-path-to-node=""4"">💎 <b data-path-to-node=""4"" data-index-in-node=""3"">Diamantopties:</b></p>
<ul data-path-to-node=""5"">
<li>
<p data-path-to-node=""5,0,0""><b data-path-to-node=""5,0,0"" data-index-in-node=""0"">Lab-Grown 0.50 ct (D-VS2):</b> €750 – Inclusief btw &amp; certificaat</p>
</li>
<li>
<p data-path-to-node=""5,1,0""><b data-path-to-node=""5,1,0"" data-index-in-node=""0"">Lab-Grown 1.00 ct (D-VS2):</b> €1.190 – Inclusief btw &amp; certificaat</p>
</li>
<li>
<p data-path-to-node=""5,2,0""><b data-path-to-node=""5,2,0"" data-index-in-node=""0"">Natuurlijke diamant:</b> Prijs op aanvraag</p>
</li>
</ul>
<p data-path-to-node=""6""><i data-path-to-node=""6"" data-index-in-node=""0"">Let op: De getoonde vanafprijs is gebaseerd op de 0.50 ct lab-grown optie. De uiteindelijke prijs is afhankelijk van het karaatgewicht en het type diamant. Neem contact met ons op voor de prijzen van de 1.00 ct of natuurlijke diamanten.</i></p>
<p data-path-to-node=""7"">📦 <b data-path-to-node=""7"" data-index-in-node=""3"">Inclusief:</b></p>
<ul data-path-to-node=""8"">
<li>
<p data-path-to-node=""8,0,0"">Certificaat van echtheid</p>
</li>
<li>
<p data-path-to-node=""8,1,0"">Elegante verpakking</p>
</li>
<li>
<p data-path-to-node=""8,2,0"">Gratis wereldwijde verzending</p>
</li>
<li>
<p data-path-to-node=""8,3,0"">Ambachtelijk vervaardigd in Antwerpen, België</p>
</li>
</ul>",Diamonds by CS,Apparel & Accessories > Jewelry > Necklaces,Diamond Necklace,"18K Gold, diamond necklace, gift idea, handcrafted, Lab-Grown Diamond, Necklace, Rose Gold, timeless, White Gold, Yellow Gold",true,Color,white,product.metafields.shopify.color-pattern,Diamond Type,Lab-Grown 0.50ct,,,,,,0.0,,deny,manual,750.00,,true,true,,,,,"",https://cdn.shopify.com/s/files/1/0762/6122/8788/files/unnamed_5.jpg?v=1761490616,1,"",false,Timeless Diamond Necklace – 18K Gold | Diamonds by CS,"Discover Diamonds by CS timeless diamond necklace, handcrafted in Antwerp with 18K gold and lab-grown or natural diamonds. Elegant, certified, and ready to wear.",adults,white; yellow-gold; rose-gold,gold; diamond,fine-jewelry,pendant,,,female,https://cdn.shopify.com/s/files/1/0762/6122/8788/files/unnamed_5.jpg?v=1761490616,kg,,,active
timeless-diamond-necklace,,,,,,,,,white,,,Lab-Grown 1.00ct,,,,,,0.0,,deny,manual,1190.00,,true,true,,,,,"",https://cdn.shopify.com/s/files/1/0762/6122/8788/files/unnamed_6.jpg?v=1761490627,2,"",,,,,,,,,,,,https://cdn.shopify.com/s/files/1/0762/6122/8788/files/unnamed_5.jpg?v=1761490616,kg,,,
timeless-diamond-necklace,,,,,,,,,yellow-gold,,,Lab-Grown 0.50ct,,,,,,0.0,,deny,manual,750.00,,true,true,,,,,"",https://cdn.shopify.com/s/files/1/0762/6122/8788/files/unnamed_7.jpg?v=1761490646,3,"",,,,,,,,,,,,https://cdn.shopify.com/s/files/1/0762/6122/8788/files/unnamed_6.jpg?v=1761490627,kg,,,
timeless-diamond-necklace,,,,,,,,,yellow-gold,,,Lab-Grown 1.00ct,,,,,,0.0,,deny,manual,1190.00,,true,true,,,,,"",,,,,,,,,,,,,,,https://cdn.shopify.com/s/files/1/0762/6122/8788/files/unnamed_6.jpg?v=1761490627,kg,,,
timeless-diamond-necklace,,,,,,,,,rose-gold,,,Lab-Grown 0.50ct,,,,,,0.0,,deny,manual,750.00,,true,true,,,,,"",,,,,,,,,,,,,,,https://cdn.shopify.com/s/files/1/0762/6122/8788/files/unnamed_7.jpg?v=1761490646,kg,,,
timeless-diamond-necklace,,,,,,,,,rose-gold,,,Lab-Grown 1.00ct,,,,,,0.0,,deny,manual,1190.00,,true,true,,,,,"",,,,,,,,,,,,,,,https://cdn.shopify.com/s/files/1/0762/6122/8788/files/unnamed_7.jpg?v=1761490646,kg,,,
solitaire-ring-no-side-diamonds,18K Gold Lab-Grown Diamond Solitaire Engagement Ring,"A timeless solitaire engagement ring showcasing a single D–VS2 lab-grown diamond, handcrafted in 18K gold for lasting brilliance and durability. Details• Center: Lab-grown diamond (D color, VS2 clarity)• Setting: Solitaire (no side diamonds)• Metal: 18K White, Yellow, or Rose Gold• Band width: ~1.8–2.0 mm• Finish: High polish• Sizing: Standard EU/US sizes (custom sizing available) What’s included• Complimentary resizing (first time)• Presentation box• Certificate for lab-grown diamond CareClean with mild soap and warm water; dry with a soft cloth. Annual inspection recommended.",Diamonds by CS,Apparel & Accessories > Jewelry > Rings,Solitaire Ring,"18K Gold, Engagement Ring, Lab-Grown Diamond, Rose Gold, Round, shape:round, Solitaire, White Gold, Yellow Gold",true,Metal Type,rose-gold,product.metafields.shopify.color-pattern,,,,,,,,0.0,,deny,manual,1700.00,,true,true,,,,,"",https://cdn.shopify.com/s/files/1/0762/6122/8788/files/image1.png?v=1760005514,1,"",false,,,,rose-gold; white; yellow-gold,white-gold; yellow-gold; rose-gold,fine-jewelry,,solitaire,3; 3-5; 4-5; 5; 5-5; 6-5; 7; 7-5; 8; 8-5; 9; 9-5; 10; 10-5,female,https://cdn.shopify.com/s/files/1/0762/6122/8788/files/image4.png?v=1760005514,g,,,active
solitaire-ring-no-side-diamonds,,,,,,,,,white,,,,,,,,,0.0,,deny,manual,1700.00,,true,true,,,,,"",https://cdn.shopify.com/s/files/1/0762/6122/8788/files/image2.png?v=1760005514,2,"",,,,,,,,,,,,https://cdn.shopify.com/s/files/1/0762/6122/8788/files/image2.png?v=1760005514,g,,,
solitaire-ring-no-side-diamonds,,,,,,,,,yellow-gold,,,,,,,,,0.0,,deny,manual,1700.00,,true,true,,,,,"",https://cdn.shopify.com/s/files/1/0762/6122/8788/files/image3.png?v=1760005514,3,"",,,,,,,,,,,,https://cdn.shopify.com/s/files/1/0762/6122/8788/files/image6.png?v=1760005515,g,,,
solitaire-ring-no-side-diamonds,,,,,,,,,,,,,,,,,,,,,,,,,,,,,,,https://cdn.shopify.com/s/files/1/0762/6122/8788/files/image4.png?v=1760005514,4,"",,,,,,,,,,,,,,,,
solitaire-ring-no-side-diamonds,,,,,,,,,,,,,,,,,,,,,,,,,,,,,,,https://cdn.shopify.com/s/files/1/0762/6122/8788/files/image5.png?v=1760005514,5,"",,,,,,,,,,,,,,,,
solitaire-ring-no-side-diamonds,,,,,,,,,,,,,,,,,,,,,,,,,,,,,,,https://cdn.shopify.com/s/files/1/0762/6122/8788/files/image6.png?v=1760005515,6,"",,,,,,,,,,,,,,,,
halo-ring-round-with-side-diamonds,Halo Engagement Ring • Round Brilliant • Lab-Grown Diamond • 18K Gold,"Description A radiant halo engagement ring showcasing a brilliant round lab-grown diamond surrounded by a shimmering halo of fine side stones. Handcrafted in 18K gold, this design enhances the center diamond’s brilliance and symbolizes eternal beauty and connection. Each ring is ethically sourced, precision-crafted, and backed by a lifetime manufacturing warranty for complete peace of mind. Features Center Stone: IGI-certified lab-grown round brilliant diamond (D–VS2) Halo: 0.25 ct total weight of side diamonds Carat Options: 0.50 ct / 1.00 ct / 1.50 ct center stones Metal: 18K Gold (available in White, Yellow, or Rose Gold) Setting: Halo with pavé side diamonds Band Style: Micro-pavé with secure prongs Warranty: Lifetime craftsmanship guarantee Why You’ll Love It Captivating sparkle that catches light from every angle Ethically grown, expertly cut diamonds Handcrafted in your choice of 18K White, Yellow, or Rose Gold A timeless symbol of love and radiance",Diamonds by CS,Apparel & Accessories > Jewelry > Rings,Halo Ring,"18K Gold, Engagement Ring, Halo, Lab-Grown Diamond, Rose Gold, Round, shape:round, Side Diamonds, White Gold, Yellow Gold",true,Color,yellow-gold,product.metafields.shopify.color-pattern,,,,,,,,0.0,,deny,manual,1700.00,,true,true,,,,,"",https://cdn.shopify.com/s/files/1/0762/6122/8788/files/image1_dbc38a42-7666-428c-b22c-f74e68bc457d.png?v=1760005962,1,"",false,,,,yellow-gold; white; rose-gold,,fine-jewelry,,halo,3; 3-5; 4-5; 5; 5-5; 6-5; 7; 7-5; 8; 8-5; 9; 9-5; 10; 10-5,female,https://cdn.shopify.com/s/files/1/0762/6122/8788/files/image4_5b5de540-3bbd-49fb-8f08-85183c20e5d9.png?v=1760005962,g,,,active
halo-ring-round-with-side-diamonds,,,,,,,,,white,,,,,,,,,0.0,,deny,manual,1700.00,,true,true,,,,,"",https://cdn.shopify.com/s/files/1/0762/6122/8788/files/image2_459f03cc-0008-49b7-bfb4-5b1ec3f37471.png?v=1760005962,2,"",,,,,,,,,,,,https://cdn.shopify.com/s/files/1/0762/6122/8788/files/image6_b6033c6b-7f6f-4307-b466-b0e7bd32affa.png?v=1760005962,g,,,
halo-ring-round-with-side-diamonds,,,,,,,,,rose-gold,,,,,,,,,0.0,,deny,manual,1700.00,,true,true,,,,,"",https://cdn.shopify.com/s/files/1/0762/6122/8788/files/image3_75f99173-0811-4d84-bd45-df6ef139c616.png?v=1760005962,3,"",,,,,,,,,,,,https://cdn.shopify.com/s/files/1/0762/6122/8788/files/image2_459f03cc-0008-49b7-bfb4-5b1ec3f37471.png?v=1760005962,g,,,
halo-ring-round-with-side-diamonds,,,,,,,,,,,,,,,,,,,,,,,,,,,,,,,https://cdn.shopify.com/s/files/1/0762/6122/8788/files/image4_5b5de540-3bbd-49fb-8f08-85183c20e5d9.png?v=1760005962,4,"",,,,,,,,,,,,,,,,
halo-ring-round-with-side-diamonds,,,,,,,,,,,,,,,,,,,,,,,,,,,,,,,https://cdn.shopify.com/s/files/1/0762/6122/8788/files/image5_f7698164-4eff-4ffe-ae29-9aeed112a4e1.png?v=1760005962,5,"",,,,,,,,,,,,,,,,
halo-ring-round-with-side-diamonds,,,,,,,,,,,,,,,,,,,,,,,,,,,,,,,https://cdn.shopify.com/s/files/1/0762/6122/8788/files/image6_b6033c6b-7f6f-4307-b466-b0e7bd32affa.png?v=1760005962,6,"",,,,,,,,,,,,,,,,
solitaire-ring-round-with-side-diamonds,18K Gold Round Lab-Grown Diamond Solitaire Engagement Ring with Side Diamonds,"A timeless solitaire engagement ring that embodies elegance and brilliance.This design features a round lab-grown diamond accentuated by fine side diamonds, creating a sophisticated balance of sparkle and simplicity. Handcrafted in 18K gold, each ring is ethically sourced, precision-crafted, and backed by a lifetime manufacturing warranty—a true reflection of enduring beauty and commitment. Features Center Stone: IGI-certified lab-grown round brilliant diamond (D–VS2) Side Stones: Pavé-set diamonds (0.20 ct total weight) Metal: 18K Gold (available in White, Yellow, or Rose Gold) Setting: Classic solitaire with accent side diamonds Band Style: Sleek micro-pavé design Warranty: Lifetime craftsmanship guarantee Why You’ll Love It Brilliant center diamond enhanced by subtle side sparkle Ethically grown and expertly cut lab-grown diamonds Handcrafted in luxurious 18K White, Yellow, or Rose Gold A modern take on a timeless symbol of love",Diamonds by CS,Apparel & Accessories > Jewelry > Rings,Solitaire Ring,"18K Gold, collection:solitaire, Engagement Ring, Lab-Grown Diamond, Rose Gold, Round, shape:round, Side Diamonds, Solitaire, Solitaire + Side Diamonds, White Gold, Yellow Gold",true,Color,yellow-gold,product.metafields.shopify.color-pattern,,,,,,,,0.0,,deny,manual,1700.00,,true,true,,,,,"",https://cdn.shopify.com/s/files/1/0762/6122/8788/files/image1_5b0c3175-7459-42ee-a683-4b88d89b0a2a.png?v=1760006207,1,"",false,,,,yellow-gold; rose-gold; white,yellow-gold; rose-gold; white-gold,fine-jewelry,,solitaire,3; 3-5; 4-5; 5; 5-5; 6-5; 7; 7-5; 8; 8-5; 9; 9-5; 10; 10-5,female,https://cdn.shopify.com/s/files/1/0762/6122/8788/files/image4_305f5f0e-453b-42cb-9dd9-c98b8a6d12a6.png?v=1760006207,g,,,active
solitaire-ring-round-with-side-diamonds,,,,,,,,,rose-gold,,,,,,,,,0.0,,deny,manual,1700.00,,true,true,,,,,"",https://cdn.shopify.com/s/files/1/0762/6122/8788/files/image2_d56100f9-1bcd-40fa-9806-c579d9bbf808.png?v=1760006207,2,"",,,,,,,,,,,,https://cdn.shopify.com/s/files/1/0762/6122/8788/files/image2_d56100f9-1bcd-40fa-9806-c579d9bbf808.png?v=1760006207,g,,,
solitaire-ring-round-with-side-diamonds,,,,,,,,,white,,,,,,,,,0.0,,deny,manual,1700.00,,true,true,,,,,"",https://cdn.shopify.com/s/files/1/0762/6122/8788/files/image3_411590e2-5b52-44e9-9bb2-5ca952cb513b.png?v=1760006207,3,"",,,,,,,,,,,,https://cdn.shopify.com/s/files/1/0762/6122/8788/files/image6_e5fece3d-dd17-4c25-aa3e-467dc70d93be.png?v=1760006207,g,,,
solitaire-ring-round-with-side-diamonds,,,,,,,,,,,,,,,,,,,,,,,,,,,,,,,https://cdn.shopify.com/s/files/1/0762/6122/8788/files/image4_305f5f0e-453b-42cb-9dd9-c98b8a6d12a6.png?v=1760006207,4,"",,,,,,,,,,,,,,,,
solitaire-ring-round-with-side-diamonds,,,,,,,,,,,,,,,,,,,,,,,,,,,,,,,https://cdn.shopify.com/s/files/1/0762/6122/8788/files/image5_e79e687d-4989-4b52-bdae-eb1cb55ccf7a.png?v=1760006207,5,"",,,,,,,,,,,,,,,,
solitaire-ring-round-with-side-diamonds,,,,,,,,,,,,,,,,,,,,,,,,,,,,,,,https://cdn.shopify.com/s/files/1/0762/6122/8788/files/image6_e5fece3d-dd17-4c25-aa3e-467dc70d93be.png?v=1760006207,6,"",,,,,,,,,,,,,,,,
halo-ring-oval-with-side-diamonds,18K Gold Oval Lab-Grown Diamond Halo Engagement Ring with Side Diamonds,"A captivating halo engagement ring featuring an oval lab-grown diamond encircled by a dazzling halo of fine side diamonds. Handcrafted in 18K gold, this design enhances the diamond’s brilliance from every angle, symbolizing eternal love and radiance. Each ring is ethically sourced, precision-crafted, and backed by a lifetime manufacturing warranty for lasting beauty and confidence. Features Center Stone: IGI-certified lab-grown oval diamond (D–VS2) Halo: 0.25 ct total weight of side diamonds Metal: 18K Gold (available in White, Yellow, or Rose Gold) Setting: Oval halo with pavé side diamonds Band Style: Slim micro-pavé shank with secure prongs Warranty: Lifetime craftsmanship guarantee",Diamonds by CS,Apparel & Accessories > Jewelry > Rings,Halo Ring,"collection:halo, Engagement Ring, Halo, Halo + Side Diamonds, Lab-Grown Diamond, No Side Diamonds, Oval, Rose Gold, shape:oval, Side Diamonds, White Gold, Yellow Gold",true,Color,yellow-gold,product.metafields.shopify.color-pattern,,,,,,,,0.0,,deny,manual,1700.00,,true,true,,,,,"",https://cdn.shopify.com/s/files/1/0762/6122/8788/files/image1_2ee58bc6-0100-4e05-902d-5edb5ff583ee.png?v=1760007819,1,"",false,,,,yellow-gold; whte-gold; rose-gold,,fine-jewelry,,halo,3; 3-5; 4-5; 5; 5-5; 6-5; 7; 7-5; 8; 8-5; 9; 9-5; 10; 10-5,female,https://cdn.shopify.com/s/files/1/0762/6122/8788/files/image3_8af5d645-82b7-4850-bf8b-96c61249b42d.png?v=1760007819,g,,,active
halo-ring-oval-with-side-diamonds,,,,,,,,,whte-gold,,,,,,,,,0.0,,deny,manual,1700.00,,true,true,,,,,"",https://cdn.shopify.com/s/files/1/0762/6122/8788/files/image2_744485f5-ce50-4293-a79b-0ea090be984a.png?v=1760007819,2,"",,,,,,,,,,,,https://cdn.shopify.com/s/files/1/0762/6122/8788/files/image5_d570caa0-a432-4a25-864e-961e9e33f65f.png?v=1760007820,g,,,
halo-ring-oval-with-side-diamonds,,,,,,,,,rose-gold,,,,,,,,,0.0,,deny,manual,1700.00,,true,true,,,,,"",https://cdn.shopify.com/s/files/1/0762/6122/8788/files/image3_8af5d645-82b7-4850-bf8b-96c61249b42d.png?v=1760007819,3,"",,,,,,,,,,,,https://cdn.shopify.com/s/files/1/0762/6122/8788/files/image1_2ee58bc6-0100-4e05-902d-5edb5ff583ee.png?v=1760007819,g,,,
halo-ring-oval-with-side-diamonds,,,,,,,,,,,,,,,,,,,,,,,,,,,,,,,https://cdn.shopify.com/s/files/1/0762/6122/8788/files/image4_2586b4bc-faa0-46ed-ad5b-0ba5ae147716.png?v=1760007819,4,"",,,,,,,,,,,,,,,,
halo-ring-oval-with-side-diamonds,,,,,,,,,,,,,,,,,,,,,,,,,,,,,,,https://cdn.shopify.com/s/files/1/0762/6122/8788/files/image5_d570caa0-a432-4a25-864e-961e9e33f65f.png?v=1760007820,5,"",,,,,,,,,,,,,,,,
halo-ring-oval-with-side-diamonds,,,,,,,,,,,,,,,,,,,,,,,,,,,,,,,https://cdn.shopify.com/s/files/1/0762/6122/8788/files/image6_ca2b548c-f214-43ab-8707-e0ebcb3f3bb9.png?v=1760007819,6,"",,,,,,,,,,,,,,,,
halo-ring-cushion-with-side-diamonds,18K Gold Cushion Lab-Grown Diamond Halo Engagement Ring with Side Diamonds,"A stunning fusion of vintage charm and modern brilliance.This elegant halo engagement ring features a cushion-cut lab-grown diamond surrounded by a radiant halo of side diamonds, amplifying its fire and sparkle from every angle. Handcrafted in 18K gold, each piece is ethically sourced, precision-polished, and backed by a lifetime manufacturing warranty — a timeless treasure that embodies love and craftsmanship. Features Center Stone: IGI-certified lab-grown cushion diamond (D–VS2) Halo: 0.25 ct total weight of side diamonds Metal: 18K Gold (available in White, Yellow, or Rose Gold) Setting: Cushion halo with pavé side diamonds Band Style: Elegant micro-pavé shank for added brilliance Warranty: Lifetime craftsmanship guarantee Why You’ll Love It Classic cushion cut radiates vintage-inspired beauty Ethically grown, lab-crafted diamonds for sustainable luxury Handcrafted in premium 18K gold finishes",Diamonds by CS,Apparel & Accessories > Jewelry > Rings,Halo Ring,"18K Gold, Cushion, Engagement Ring, Halo, Halo + Side Diamonds, Lab-Grown Diamond, Rose Gold, shape:cushion, Side Diamonds, White Gold, Yellow Gold",true,Color,rose-gold,product.metafields.shopify.color-pattern,,,,,,,,0.0,,deny,manual,1700.00,,true,true,,,,,"",https://cdn.shopify.com/s/files/1/0762/6122/8788/files/image1_146b3c48-6421-4c90-80f9-fb01c4eebe63.png?v=1760007955,1,"",false,,,,rose-gold; yellow-gold; white,yellow-gold; rose-gold; white-gold,fine-jewelry,,halo,3; 3-5; 4-5; 5; 5-5; 6-5; 7; 7-5; 8; 8-5; 9; 9-5; 10; 10-5,female,https://cdn.shopify.com/s/files/1/0762/6122/8788/files/image2_fc36b3c8-fb0b-4852-8076-7b8245ea685d.png?v=1760007954,g,,,active
halo-ring-cushion-with-side-diamonds,,,,,,,,,yellow-gold,,,,,,,,,0.0,,deny,manual,1700.00,,true,true,,,,,"",https://cdn.shopify.com/s/files/1/0762/6122/8788/files/image2_fc36b3c8-fb0b-4852-8076-7b8245ea685d.png?v=1760007954,2,"",,,,,,,,,,,,https://cdn.shopify.com/s/files/1/0762/6122/8788/files/image4_31ce7095-49fc-4a94-8e9c-a38a3c36d77c.png?v=1760007955,g,,,
halo-ring-cushion-with-side-diamonds,,,,,,,,,white,,,,,,,,,0.0,,deny,manual,1700.00,,true,true,,,,,"",https://cdn.shopify.com/s/files/1/0762/6122/8788/files/image3_2d0b9ad1-8759-4726-8972-ef22127d1a49.png?v=1760007956,3,"",,,,,,,,,,,,https://cdn.shopify.com/s/files/1/0762/6122/8788/files/image6_a89b8138-85f2-4f6e-a4ab-7250347acc3e.png?v=1760007955,g,,,
halo-ring-cushion-with-side-diamonds,,,,,,,,,,,,,,,,,,,,,,,,,,,,,,,https://cdn.shopify.com/s/files/1/0762/6122/8788/files/image4_31ce7095-49fc-4a94-8e9c-a38a3c36d77c.png?v=1760007955,4,"",,,,,,,,,,,,,,,,
halo-ring-cushion-with-side-diamonds,,,,,,,,,,,,,,,,,,,,,,,,,,,,,,,https://cdn.shopify.com/s/files/1/0762/6122/8788/files/image5_d3e02de0-f298-439c-910f-4adac0f97d9d.png?v=1760007955,5,"",,,,,,,,,,,,,,,,
halo-ring-cushion-with-side-diamonds,,,,,,,,,,,,,,,,,,,,,,,,,,,,,,,https://cdn.shopify.com/s/files/1/0762/6122/8788/files/image6_a89b8138-85f2-4f6e-a4ab-7250347acc3e.png?v=1760007955,6,"",,,,,,,,,,,,,,,,
halo-ring-emerald-with-side-diamonds,18K Gold Emerald Lab-Grown Diamond Halo Engagement Ring with Side Diamonds,"Sophisticated. Regal. Unmistakably bold. This halo engagement ring showcases an elegant emerald-cut lab-grown diamond, framed by side accent stones and a micro-pavé halo that enhances its geometric brilliance. Handcrafted in solid 14K gold, it blends architectural precision with timeless romance. Details Center Stone: Emerald-Cut Lab-Grown Diamond Halo: Micro-pavé Side Diamonds (Conflict-Free) Metal: 14K Solid Gold (Available in White, Yellow, or Rose) Setting Style: Emerald Halo with Side Accents Band Width: 1.9 mm Finish: Polished Origin: Ethically sourced and sustainably created Why You’ll Love It The step-cut emerald design radiates clarity and elegance Ethically grown diamonds, identical in beauty to mined stones Custom ring sizes and gold colors available Perfect for engagements, anniversaries, or milestone celebrations Where contemporary brilliance meets ethical craftsmanship.",Diamonds by CS,Apparel & Accessories > Jewelry > Rings,Halo Ring,"collection:halo, Emerald, Engagement Ring, Halo + Side Diamonds, Lab-Grown Diamond, Rose Gold, shape:emerald, Side Diamonds, White Gold, Yellow Gold",true,Title,Default Title,,,,,,,,,0.0,,deny,manual,1950.00,,true,true,,,,,,https://cdn.shopify.com/s/files/1/0762/6122/8788/files/image1_4bb88be1-fb07-4dbc-85f7-3d9504b34429.png?v=1760008094,1,"",false,,,,whte-gold; yellow-gold; rose-gold,yellow-gold; rose-gold; white-gold,,,,3; 3-5; 4-5; 5; 5-5; 6-5; 7; 7-5; 8; 8-5; 9; 9-5; 10; 10-5,,,g,,,active
halo-ring-emerald-with-side-diamonds,,,,,,,,,,,,,,,,,,,,,,,,,,,,,,,https://cdn.shopify.com/s/files/1/0762/6122/8788/files/image2_4e8f4feb-a546-4e3a-8a11-0fc37d7b6c00.png?v=1760008094,2,"",,,,,,,,,,,,,,,,
halo-ring-emerald-with-side-diamonds,,,,,,,,,,,,,,,,,,,,,,,,,,,,,,,https://cdn.shopify.com/s/files/1/0762/6122/8788/files/image3_657309e8-fcca-4310-a516-d068cd2a0409.png?v=1760008096,3,"",,,,,,,,,,,,,,,,
halo-ring-emerald-with-side-diamonds,,,,,,,,,,,,,,,,,,,,,,,,,,,,,,,https://cdn.shopify.com/s/files/1/0762/6122/8788/files/image4_cb5ed024-a564-4726-8118-9c2612a855ca.png?v=1760008094,4,"",,,,,,,,,,,,,,,,
halo-ring-emerald-with-side-diamonds,,,,,,,,,,,,,,,,,,,,,,,,,,,,,,,https://cdn.shopify.com/s/files/1/0762/6122/8788/files/image5_6a334201-79d5-40e7-a11a-db1daccf70e8.png?v=1760008094,5,"",,,,,,,,,,,,,,,,
halo-ring-emerald-with-side-diamonds,,,,,,,,,,,,,,,,,,,,,,,,,,,,,,,https://cdn.shopify.com/s/files/1/0762/6122/8788/files/image6_750a7740-0887-4ff7-b566-46f6a6c16e6d.png?v=1760008094,6,"",,,,,,,,,,,,,,,,
solitaire-ring-emerald-with-side-diamonds,18K Gold Emerald-Cut Lab-Grown Diamond Solitaire Engagement Ring with Side Diamonds,"A bold reinterpretation of timeless sophistication.This emerald-cut solitaire engagement ring showcases a breathtaking lab-grown D–VS2 center diamond, complemented by delicate side stones that enhance its sleek geometry and mirror-like brilliance. Expertly handcrafted in 18K gold, the ring balances classic refinement with a clean, modern silhouette—an enduring statement of love and artistry. Every piece is ethically sourced, precision-crafted, and includes a lifetime craftsmanship guarantee. Features Center Stone: IGI-certified lab-grown emerald-cut diamond (D–VS2) Side Stones: 0.25 ct total weight lab-grown diamonds Metal: 18K Gold (available in White, Yellow, or Rose Gold) Setting: Solitaire with accent side diamonds Band Style: Tapered micro-pavé band for balanced elegance Warranty: Lifetime craftsmanship guarantee",Diamonds by CS,Apparel & Accessories > Jewelry > Rings,Solitaire Ring,"18K Gold, Emerald, Engagement Ring, Lab-Grown Diamond, Rose Gold, shape:emerald, Side Diamonds, Solitaire, Solitaire + Side Diamonds, White Gold, Yellow Gold",true,Color,yellow-gold,product.metafields.shopify.color-pattern,,,,,,,,0.0,,deny,manual,1700.00,,true,true,,,,,"",https://cdn.shopify.com/s/files/1/0762/6122/8788/files/image1_672de5e8-1333-4dca-87bf-1b9fd8089ef7.png?v=1760008492,1,"",false,,,,yellow-gold; whte-gold; rose-gold,yellow-gold; rose-gold; white-gold,fine-jewelry,,solitaire,3; 3-5; 4-5; 5; 5-5; 6-5; 7; 7-5; 8; 8-5; 9; 9-5; 10; 10-5,female,https://cdn.shopify.com/s/files/1/0762/6122/8788/files/image4_b096946b-1a26-461b-a829-d4a62afe4229.png?v=1760008492,g,,,active
solitaire-ring-emerald-with-side-diamonds,,,,,,,,,whte-gold,,,,,,,,,0.0,,deny,manual,1700.00,,true,true,,,,,"",https://cdn.shopify.com/s/files/1/0762/6122/8788/files/image2_b404a8e4-4f24-49d7-af31-9b5c48477c5e.png?v=1760008492,2,"",,,,,,,,,,,,https://cdn.shopify.com/s/files/1/0762/6122/8788/files/image8.png?v=1760008492,g,,,
solitaire-ring-emerald-with-side-diamonds,,,,,,,,,rose-gold,,,,,,,,,0.0,,deny,manual,1700.00,,true,true,,,,,"",https://cdn.shopify.com/s/files/1/0762/6122/8788/files/image3_979c539b-6eff-40f2-973e-4a13668609fb.png?v=1760008492,3,"",,,,,,,,,,,,https://cdn.shopify.com/s/files/1/0762/6122/8788/files/image2_b404a8e4-4f24-49d7-af31-9b5c48477c5e.png?v=1760008492,g,,,
solitaire-ring-emerald-with-side-diamonds,,,,,,,,,,,,,,,,,,,,,,,,,,,,,,,https://cdn.shopify.com/s/files/1/0762/6122/8788/files/image4_b096946b-1a26-461b-a829-d4a62afe4229.png?v=1760008492,4,"",,,,,,,,,,,,,,,,
solitaire-ring-emerald-with-side-diamonds,,,,,,,,,,,,,,,,,,,,,,,,,,,,,,,https://cdn.shopify.com/s/files/1/0762/6122/8788/files/image5_9ae17e39-2c97-4d8a-a0ca-7721b3660c5b.png?v=1760008492,5,"",,,,,,,,,,,,,,,,
solitaire-ring-emerald-with-side-diamonds,,,,,,,,,,,,,,,,,,,,,,,,,,,,,,,https://cdn.shopify.com/s/files/1/0762/6122/8788/files/image6_754f625c-5c11-4a78-8729-054a899ccbf1.png?v=1760008492,6,"",,,,,,,,,,,,,,,,
solitaire-ring-emerald-with-side-diamonds,,,,,,,,,,,,,,,,,,,,,,,,,,,,,,,https://cdn.shopify.com/s/files/1/0762/6122/8788/files/image7.png?v=1760008492,7,"",,,,,,,,,,,,,,,,
solitaire-ring-emerald-with-side-diamonds,,,,,,,,,,,,,,,,,,,,,,,,,,,,,,,https://cdn.shopify.com/s/files/1/0762/6122/8788/files/image8.png?v=1760008492,8,"",,,,,,,,,,,,,,,,
solitaire-ring-princess-side-diamonds-unspecified,18K Gold Princess-Cut Lab-Grown Diamond Solitaire Engagement Ring with Side Diamonds,"A modern classic with royal allure.This princess-cut solitaire engagement ring features a lab-grown D–VS2 diamond whose sharp brilliance is enhanced by a pair of elegant side stones that catch light from every angle. Handcrafted in 18K gold, its clean lines and balanced proportions create a bold yet feminine statement — the perfect symbol of refined love and confidence. Every ring is ethically sourced, crafted to perfection, and comes with a lifetime craftsmanship guarantee. Features Center Stone: IGI-certified lab-grown princess-cut diamond (D–VS2) Side Stones: 0.25 ct total weight lab-grown diamonds Metal: 18K Gold (available in White, Yellow, or Rose Gold) Setting: Solitaire with side accent diamonds Band Style: Tapered band with secure prongs Warranty: Lifetime craftsmanship guarantee Why You’ll Love It Striking symmetry and sparkle from the princess-cut design Ethical, lab-grown diamonds with exceptional clarity Handcrafted in premium 18K gold finishes Perfect balance of brilliance and timeless sophistication",Diamonds by CS,Apparel & Accessories > Jewelry > Rings,Solitaire Ring,"18K Gold, Engagement Ring, Lab-Grown Diamond, Princess, Rose Gold, shape:princess, Side Diamonds, Solitaire, Solitaire + Side Diamonds, White Gold, Yellow Gold",true,Color,yellow-gold,product.metafields.shopify.color-pattern,,,,,,,,0.0,,deny,manual,1700.00,,true,true,,,,,"",https://cdn.shopify.com/s/files/1/0762/6122/8788/files/image1_d5eb3cce-4e25-4bbf-9bd9-dc996feee4c1.png?v=1760256561,1,"",false,,,,yellow-gold; white; rose-gold,yellow-gold; rose-gold; white-gold,fine-jewelry,,solitaire,3; 3-5; 4-5; 5; 5-5; 6-5; 7; 7-5; 8; 8-5; 9; 9-5; 10; 10-5,,https://cdn.shopify.com/s/files/1/0762/6122/8788/files/image4_d7ecc420-c45d-402d-8d0d-7ccff4119ac5.png?v=1760256561,g,,,active
solitaire-ring-princess-side-diamonds-unspecified,,,,,,,,,white,,,,,,,,,0.0,,deny,manual,1700.00,,true,true,,,,,"",https://cdn.shopify.com/s/files/1/0762/6122/8788/files/image2_7153f09a-81ac-40d5-84d8-4ebd4057c160.png?v=1760256561,2,"",,,,,,,,,,,,https://cdn.shopify.com/s/files/1/0762/6122/8788/files/image5_7b0b8188-624c-4358-be2d-77abf41eecc4.png?v=1760256561,g,,,
solitaire-ring-princess-side-diamonds-unspecified,,,,,,,,,rose-gold,,,,,,,,,0.0,,deny,manual,1700.00,,true,true,,,,,"",https://cdn.shopify.com/s/files/1/0762/6122/8788/files/image3_6f5c7e8a-441a-4e48-b2b9-3ad070f9795a.png?v=1760256561,3,"",,,,,,,,,,,,https://cdn.shopify.com/s/files/1/0762/6122/8788/files/image1_d5eb3cce-4e25-4bbf-9bd9-dc996feee4c1.png?v=1760256561,g,,,
solitaire-ring-princess-side-diamonds-unspecified,,,,,,,,,,,,,,,,,,,,,,,,,,,,,,,https://cdn.shopify.com/s/files/1/0762/6122/8788/files/image4_d7ecc420-c45d-402d-8d0d-7ccff4119ac5.png?v=1760256561,4,"",,,,,,,,,,,,,,,,
solitaire-ring-princess-side-diamonds-unspecified,,,,,,,,,,,,,,,,,,,,,,,,,,,,,,,https://cdn.shopify.com/s/files/1/0762/6122/8788/files/image5_7b0b8188-624c-4358-be2d-77abf41eecc4.png?v=1760256561,5,"",,,,,,,,,,,,,,,,
solitaire-ring-princess-side-diamonds-unspecified,,,,,,,,,,,,,,,,,,,,,,,,,,,,,,,https://cdn.shopify.com/s/files/1/0762/6122/8788/files/image6_06d1d55b-fcf8-414d-a5c1-55779044f6f7.png?v=1760256561,6,"",,,,,,,,,,,,,,,,
solitaire-ring-pear-side-diamonds-unspecified,18K Gold Pear-Cut Lab-Grown Diamond Solitaire Engagement Ring with Side Diamonds,"Graceful. Romantic. Uniquely yours. This pear-cut solitaire engagement ring showcases a luminous lab-grown D–VS2 diamond, its teardrop shape symbolizing everlasting love and emotion.Delicate side diamonds line the band, enhancing the sparkle while maintaining a refined, timeless profile. Expertly handcrafted in 18K gold, this piece blends fluid curves with modern precision — an elegant reflection of sophistication and beauty. Every ring is ethically grown, hand-finished, and backed by a lifetime craftsmanship guarantee. Features Center Stone: IGI-certified lab-grown pear-cut diamond (D–VS2) Side Stones: 0.25 ct total weight lab-grown diamonds Metal: 18K Gold (available in White, Yellow, or Rose Gold) Setting: Solitaire with pavé side diamonds Band Style: Tapered micro-pavé band for enhanced sparkle Warranty: Lifetime craftsmanship guarantee Why You’ll Love It Elegant pear silhouette elongates and flatters the hand Lab-grown diamonds = responsible, sustainable luxury Crafted in three radiant 18K gold finishes A romantic blend of classic grace and modern craftsmanship",Diamonds by CS,Apparel & Accessories > Jewelry > Rings,Solitaire Ring,"18K Gold, Engagement Ring, Lab-Grown Diamond, Pear, Rose Gold, shape:pear, Side Diamonds, Solitaire, Solitaire + Side Diamonds, White Gold, Yellow Gold",true,Color,rose-gold,product.metafields.shopify.color-pattern,,,,,,,,0.0,,deny,manual,1700.00,,true,true,,,,,"",https://cdn.shopify.com/s/files/1/0762/6122/8788/files/image1_1fed7f35-32e3-40ec-95ba-d56abe620053.png?v=1760256873,1,"",false,,,,rose-gold; whte-gold; yellow-gold,yellow-gold; rose-gold; white-gold,fine-jewelry,,solitaire,3; 3-5; 4-5; 5; 5-5; 6-5; 7; 7-5; 8; 8-5; 9; 9-5; 10; 10-5,,https://cdn.shopify.com/s/files/1/0762/6122/8788/files/image1_1fed7f35-32e3-40ec-95ba-d56abe620053.png?v=1760256873,g,,,active
solitaire-ring-pear-side-diamonds-unspecified,,,,,,,,,whte-gold,,,,,,,,,0.0,,deny,manual,1700.00,,true,true,,,,,"",https://cdn.shopify.com/s/files/1/0762/6122/8788/files/image2_e0d9ec20-06e2-4dda-86d5-7cf60f5bcfbb.png?v=1760256872,2,"",,,,,,,,,,,,https://cdn.shopify.com/s/files/1/0762/6122/8788/files/image5_1bf3a38c-25ec-4af4-8059-8ac12a77ddc2.png?v=1760256872,g,,,
solitaire-ring-pear-side-diamonds-unspecified,,,,,,,,,yellow-gold,,,,,,,,,0.0,,deny,manual,1700.00,,true,true,,,,,"",https://cdn.shopify.com/s/files/1/0762/6122/8788/files/image3_57abc42c-90fe-47ee-87ba-9683f8bebd59.png?v=1760256872,3,"",,,,,,,,,,,,https://cdn.shopify.com/s/files/1/0762/6122/8788/files/image3_57abc42c-90fe-47ee-87ba-9683f8bebd59.png?v=1760256872,g,,,
solitaire-ring-pear-side-diamonds-unspecified,,,,,,,,,,,,,,,,,,,,,,,,,,,,,,,https://cdn.shopify.com/s/files/1/0762/6122/8788/files/image4_c2fe87f1-827c-490f-bd35-887c90bb5a1d.png?v=1760256873,4,"",,,,,,,,,,,,,,,,
solitaire-ring-pear-side-diamonds-unspecified,,,,,,,,,,,,,,,,,,,,,,,,,,,,,,,https://cdn.shopify.com/s/files/1/0762/6122/8788/files/image5_1bf3a38c-25ec-4af4-8059-8ac12a77ddc2.png?v=1760256872,5,"",,,,,,,,,,,,,,,,
solitaire-ring-pear-side-diamonds-unspecified,,,,,,,,,,,,,,,,,,,,,,,,,,,,,,,https://cdn.shopify.com/s/files/1/0762/6122/8788/files/image6_a80bde49-f6da-4ff5-9917-c0369a3fe494.png?v=1760256873,6,"",,,,,,,,,,,,,,,,
solitaire-ring-princess-with-side-diamonds,18K Gold Princess-Cut Lab-Grown Diamond Solitaire Engagement Ring with Side Diamonds,"A symbol of brilliance and balance. This princess-cut solitaire engagement ring features a lab-grown D–VS2 diamond, its sharp geometry reflecting light with breathtaking precision.Two side accent diamonds add depth and fire, framing the center stone in an elegant embrace. Meticulously handcrafted in 18K gold, this design blends timeless symmetry with modern refinement — perfect for those who value understated sophistication and ethical luxury. Every ring is ethically sourced, hand-finished, and comes with a lifetime craftsmanship guarantee. Features Center Stone: IGI-certified lab-grown princess-cut diamond (D–VS2) Side Stones: 0.25 ct total weight lab-grown diamonds Metal: 18K Gold (available in White, Yellow, or Rose Gold) Setting: Solitaire with pavé side diamonds Band Style: Sleek, comfort-fit design Warranty: Lifetime craftsmanship guarantee",Diamonds by CS,Apparel & Accessories > Jewelry > Rings,Solitaire Ring,"18K Gold, collection:solitaire, Engagement Ring, Lab-Grown Diamond, Princess, Rose Gold, shape:princess, Side Diamonds, Solitaire, Solitaire + Side Diamonds, White Gold, Yellow Gold",true,Color,yellow-gold,product.metafields.shopify.color-pattern,,,,,,,,0.0,,deny,manual,1700.00,,true,true,,,,,"",https://cdn.shopify.com/s/files/1/0762/6122/8788/files/image1_29006de2-c4ea-47d1-81ef-524e2e6a95c2.png?v=1760257193,1,"",false,,,,yellow-gold; white; rose-gold,yellow-gold; rose-gold; white-gold,fine-jewelry,,solitaire,3; 3-5; 4-5; 5; 5-5; 6-5; 7; 7-5; 8; 8-5; 9; 9-5; 10; 10-5,,https://cdn.shopify.com/s/files/1/0762/6122/8788/files/image4_963ba441-0131-40ca-bea8-5ea86497e9f0.png?v=1760257193,g,,,active
solitaire-ring-princess-with-side-diamonds,,,,,,,,,white,,,,,,,,,0.0,,deny,manual,1700.00,,true,true,,,,,"",https://cdn.shopify.com/s/files/1/0762/6122/8788/files/image2_88f860ed-c799-4b44-bd7c-26c162b8e084.png?v=1760257193,2,"",,,,,,,,,,,,https://cdn.shopify.com/s/files/1/0762/6122/8788/files/image5_78b3d7ab-b6f3-4fb5-9a14-60bda3da20ac.png?v=1760257193,g,,,
solitaire-ring-princess-with-side-diamonds,,,,,,,,,rose-gold,,,,,,,,,0.0,,deny,manual,1700.00,,true,true,,,,,"",https://cdn.shopify.com/s/files/1/0762/6122/8788/files/image3_d474b2ff-e940-46cd-8af8-c1ce771e8b88.png?v=1760257193,3,"",,,,,,,,,,,,https://cdn.shopify.com/s/files/1/0762/6122/8788/files/image1_29006de2-c4ea-47d1-81ef-524e2e6a95c2.png?v=1760257193,g,,,
solitaire-ring-princess-with-side-diamonds,,,,,,,,,,,,,,,,,,,,,,,,,,,,,,,https://cdn.shopify.com/s/files/1/0762/6122/8788/files/image4_963ba441-0131-40ca-bea8-5ea86497e9f0.png?v=1760257193,4,"",,,,,,,,,,,,,,,,
solitaire-ring-princess-with-side-diamonds,,,,,,,,,,,,,,,,,,,,,,,,,,,,,,,https://cdn.shopify.com/s/files/1/0762/6122/8788/files/image5_78b3d7ab-b6f3-4fb5-9a14-60bda3da20ac.png?v=1760257193,5,"",,,,,,,,,,,,,,,,
solitaire-ring-princess-with-side-diamonds,,,,,,,,,,,,,,,,,,,,,,,,,,,,,,,https://cdn.shopify.com/s/files/1/0762/6122/8788/files/image6_8d4e9379-e3ea-42fc-8af7-e9cac1bda07e.png?v=1760257193,6,"",,,,,,,,,,,,,,,,
halo-ring-marquise-no-side-diamonds,18K Gold Marquise-Cut Lab-Grown Diamond Halo Engagement Ring,"Distinctive. Dazzling. Designed to captivate. This marquise-cut halo engagement ring showcases an elongated lab-grown D–VS2 diamond, encircled by a delicate halo of pavé-set stones that enhances its brilliance and elongates the finger. Expertly handcrafted in 18K gold, the marquise silhouette evokes timeless sophistication — blending vintage charm with modern artistry. Each ring is ethically sourced, precision-cut, and backed by a lifetime craftsmanship guarantee. Features Center Stone: IGI-certified lab-grown marquise diamond (D–VS2) Halo: Fine pavé halo around center diamond Metal: 18K Gold (available in White, Yellow, or Rose Gold) Setting: Halo with secure prongs Band Style: Sleek micro-pavé design Warranty: Lifetime craftsmanship guarantee Why You’ll Love It Elegant marquise shape creates a slender, refined look Ethically grown, sustainably sourced diamonds Crafted in three radiant 18K gold tones A vintage-inspired design reimagined for modern elegance",Diamonds by CS,Apparel & Accessories > Jewelry > Rings,Halo Ring,"collection:halo, Engagement Ring, Halo, Lab-Grown Diamond, Marquise, No Side Diamonds, Rose Gold, shape:marquise, White Gold, Yellow Gold",true,Color,rose-gold,product.metafields.shopify.color-pattern,,,,,,,,0.0,,deny,manual,1700.00,,true,true,,,,,"",https://cdn.shopify.com/s/files/1/0762/6122/8788/files/image1_e2f3d266-780a-415a-87f3-d052e1edf20a.png?v=1760257629,1,"",false,,,,rose-gold; yellow-gold; whte-gold,yellow-gold; rose-gold; white-gold,fine-jewelry,,halo,3; 3-5; 4-5; 5; 5-5; 6-5; 7; 7-5; 8; 8-5; 9; 9-5; 10; 10-5,female,https://cdn.shopify.com/s/files/1/0762/6122/8788/files/image4_282c48dc-f6c2-4e03-b523-bc4e316b38f1.png?v=1760257629,g,,,active
halo-ring-marquise-no-side-diamonds,,,,,,,,,yellow-gold,,,,,,,,,0.0,,deny,manual,1700.00,,true,true,,,,,"",https://cdn.shopify.com/s/files/1/0762/6122/8788/files/image2_46e2e798-cef4-4e5b-8738-e60cb2c64323.png?v=1760257628,2,"",,,,,,,,,,,,https://cdn.shopify.com/s/files/1/0762/6122/8788/files/image2_46e2e798-cef4-4e5b-8738-e60cb2c64323.png?v=1760257628,g,,,
halo-ring-marquise-no-side-diamonds,,,,,,,,,whte-gold,,,,,,,,,0.0,,deny,manual,1700.00,,true,true,,,,,"",https://cdn.shopify.com/s/files/1/0762/6122/8788/files/image3_7925a86d-e725-42b2-95b7-caa65c2f386c.png?v=1760257628,3,"",,,,,,,,,,,,https://cdn.shopify.com/s/files/1/0762/6122/8788/files/image5_29a98c71-ef4a-4500-afdd-fdb74ded5692.png?v=1760257628,g,,,
halo-ring-marquise-no-side-diamonds,,,,,,,,,,,,,,,,,,,,,,,,,,,,,,,https://cdn.shopify.com/s/files/1/0762/6122/8788/files/image4_282c48dc-f6c2-4e03-b523-bc4e316b38f1.png?v=1760257629,4,"",,,,,,,,,,,,,,,,
halo-ring-marquise-no-side-diamonds,,,,,,,,,,,,,,,,,,,,,,,,,,,,,,,https://cdn.shopify.com/s/files/1/0762/6122/8788/files/image5_29a98c71-ef4a-4500-afdd-fdb74ded5692.png?v=1760257628,5,"",,,,,,,,,,,,,,,,
halo-ring-marquise-no-side-diamonds,,,,,,,,,,,,,,,,,,,,,,,,,,,,,,,https://cdn.shopify.com/s/files/1/0762/6122/8788/files/image6_28210ced-96a1-4299-983e-35576ab8c5e5.png?v=1760257628,6,"",,,,,,,,,,,,,,,,
halo-ring-round-no-side-diamonds,18K Gold Round-Cut Lab-Grown Diamond Halo Engagement Ring,"Timeless. Elegant. Radiant from every angle. This round-cut halo engagement ring features a brilliant lab-grown D–VS2 diamond surrounded by a halo of fine pavé-set stones, amplifying its light and symmetry.Without side diamonds, the focus remains on the pure, captivating beauty of the center stone. Expertly handcrafted in 18K gold, this design merges classic refinement with modern craftsmanship — a flawless symbol of eternal devotion. Each piece is ethically grown, IGI-certified, and accompanied by a lifetime craftsmanship guarantee. Features Center Stone: IGI-certified lab-grown round brilliant diamond (D–VS2) Halo: 0.25 ct pavé-set accent diamonds Metal: 18K Gold (available in White, Yellow, or Rose Gold) Setting: Classic halo design Band Style: Smooth, minimalist gold shank Warranty: Lifetime craftsmanship guarantee Why You’ll Love It Perfect balance of classic design and modern brilliance Ethically sourced, sustainably crafted Enhanced sparkle from the elegant halo design Available in three exquisite 18K gold finishes",Diamonds by CS,Apparel & Accessories > Jewelry > Rings,Halo Ring,"collection:halo, Engagement Ring, Halo, Lab-Grown Diamond, No Side Diamonds, Rose Gold, Round, shape:round, White Gold, Yellow Gold",true,Color,rose-gold,product.metafields.shopify.color-pattern,,,,,,,,0.0,,deny,manual,1700.00,,true,true,,,,,"",https://cdn.shopify.com/s/files/1/0762/6122/8788/files/image1_c1a77061-5a1d-49c5-9ea7-1501c34f53c3.png?v=1760258044,1,"",false,,,,rose-gold; yellow-gold; whte-gold,yellow-gold; rose-gold; white-gold,fine-jewelry,,halo,3; 3-5; 4-5; 5; 5-5; 6-5; 7; 7-5; 8; 8-5; 9; 9-5; 10; 10-5,female,https://cdn.shopify.com/s/files/1/0762/6122/8788/files/image1_c1a77061-5a1d-49c5-9ea7-1501c34f53c3.png?v=1760258044,g,,,active
halo-ring-round-no-side-diamonds,,,,,,,,,yellow-gold,,,,,,,,,0.0,,deny,manual,1700.00,,true,true,,,,,"",https://cdn.shopify.com/s/files/1/0762/6122/8788/files/image2_b19aa35d-6614-4e85-9ae9-439c8b0b450f.png?v=1760258045,2,"",,,,,,,,,,,,https://cdn.shopify.com/s/files/1/0762/6122/8788/files/image3_1467dc7c-8512-45a7-bb93-c4984f1b20c7.png?v=1760258044,g,,,
halo-ring-round-no-side-diamonds,,,,,,,,,whte-gold,,,,,,,,,0.0,,deny,manual,1700.00,,true,true,,,,,"",https://cdn.shopify.com/s/files/1/0762/6122/8788/files/image3_1467dc7c-8512-45a7-bb93-c4984f1b20c7.png?v=1760258044,3,"",,,,,,,,,,,,https://cdn.shopify.com/s/files/1/0762/6122/8788/files/image6_879fddc8-82f1-448c-865e-59bf04ae776a.png?v=1760258045,g,,,
halo-ring-round-no-side-diamonds,,,,,,,,,,,,,,,,,,,,,,,,,,,,,,,https://cdn.shopify.com/s/files/1/0762/6122/8788/files/image4_55aceba5-adf0-4d86-a56d-128b3d34800c.png?v=1760258045,4,"",,,,,,,,,,,,,,,,
halo-ring-round-no-side-diamonds,,,,,,,,,,,,,,,,,,,,,,,,,,,,,,,https://cdn.shopify.com/s/files/1/0762/6122/8788/files/image5_9444e0a2-b030-49b3-b983-5d00629cc8ee.png?v=1760258045,5,"",,,,,,,,,,,,,,,,
halo-ring-round-no-side-diamonds,,,,,,,,,,,,,,,,,,,,,,,,,,,,,,,https://cdn.shopify.com/s/files/1/0762/6122/8788/files/image6_879fddc8-82f1-448c-865e-59bf04ae776a.png?v=1760258045,6,"",,,,,,,,,,,,,,,,
halo-ring-oval-no-side-diamonds,18K Gold Oval-Cut Lab-Grown Diamond Halo Engagement Ring,"Graceful curves. Endless brilliance. This oval-cut halo engagement ring features a luminous lab-grown D–VS2 diamond, elegantly framed by a fine halo of pavé-set stones that enhances its fire and sparkle. Expertly handcrafted in 18K gold, this timeless design accentuates the natural brilliance of the oval shape, offering both modern refinement and classic romance. Each piece is ethically grown, IGI-certified, and backed by a lifetime craftsmanship guarantee for lasting beauty and confidence. Features Center Stone: IGI-certified lab-grown oval diamond (D–VS2) Halo: Pavé-set accent diamonds (approx. 0.25 ct total) Metal: 18K Gold (available in White, Yellow, or Rose Gold) Setting: Halo design with secure prongs Band Style: Smooth, minimalist gold band Warranty: Lifetime craftsmanship guarantee Why You’ll Love It The oval silhouette creates graceful, elongated brilliance Ethically sourced and sustainably crafted Hand-polished in premium 18K gold finishes Perfect for those who favor timeless elegance with a modern touch",Diamonds by CS,Apparel & Accessories > Jewelry > Rings,Halo Ring,"collection:halo, Engagement Ring, Halo, Lab-Grown Diamond, No Side Diamonds, Oval, Rose Gold, shape:oval, White Gold, Yellow Gold",true,Color,rose-gold,product.metafields.shopify.color-pattern,,,,,,,,0.0,,deny,manual,1700.00,,true,true,,,,,"",https://cdn.shopify.com/s/files/1/0762/6122/8788/files/image1_178ccf5e-d492-449e-bb68-143d74dc358f.png?v=1760258180,1,"",false,,,,rose-gold; yellow-gold; white,yellow-gold; rose-gold; white-gold,fine-jewelry,,halo,3; 3-5; 4-5; 5; 5-5; 6-5; 7; 7-5; 8; 8-5; 9; 9-5; 10; 10-5,,https://cdn.shopify.com/s/files/1/0762/6122/8788/files/image1_178ccf5e-d492-449e-bb68-143d74dc358f.png?v=1760258180,g,,,active
halo-ring-oval-no-side-diamonds,,,,,,,,,yellow-gold,,,,,,,,,0.0,,deny,manual,1700.00,,true,true,,,,,"",https://cdn.shopify.com/s/files/1/0762/6122/8788/files/image2_b14b1602-cf02-4b95-b3f8-a49945edfd13.png?v=1760258180,2,"",,,,,,,,,,,,https://cdn.shopify.com/s/files/1/0762/6122/8788/files/image3_ba80596c-1382-40a8-a3dd-61b9f8ee5804.png?v=1760258181,g,,,
halo-ring-oval-no-side-diamonds,,,,,,,,,white,,,,,,,,,0.0,,deny,manual,1700.00,,true,true,,,,,"",https://cdn.shopify.com/s/files/1/0762/6122/8788/files/image3_ba80596c-1382-40a8-a3dd-61b9f8ee5804.png?v=1760258181,3,"",,,,,,,,,,,,https://cdn.shopify.com/s/files/1/0762/6122/8788/files/image5_9627f1ef-e057-4848-b18f-f094aef858f3.png?v=1760258181,g,,,
halo-ring-oval-no-side-diamonds,,,,,,,,,,,,,,,,,,,,,,,,,,,,,,,https://cdn.shopify.com/s/files/1/0762/6122/8788/files/image4_410e8df7-e8f3-4160-b2bb-31471234ddd0.png?v=1760258180,4,"",,,,,,,,,,,,,,,,
halo-ring-oval-no-side-diamonds,,,,,,,,,,,,,,,,,,,,,,,,,,,,,,,https://cdn.shopify.com/s/files/1/0762/6122/8788/files/image5_9627f1ef-e057-4848-b18f-f094aef858f3.png?v=1760258181,5,"",,,,,,,,,,,,,,,,
halo-ring-oval-no-side-diamonds,,,,,,,,,,,,,,,,,,,,,,,,,,,,,,,https://cdn.shopify.com/s/files/1/0762/6122/8788/files/image6_b2432100-158f-46a9-b358-58c367b94aaf.png?v=1760258181,6,"",,,,,,,,,,,,,,,,
halo-ring-emerald-no-side-diamonds,18K Gold Emerald-Cut Lab-Grown Diamond Halo Engagement Ring,"Bold geometry. Iconic elegance.This emerald-cut halo engagement ring showcases a striking lab-grown D–VS2 diamond framed by a delicate pavé halo, emphasizing the clean lines and mirror-like brilliance of the emerald shape. Handcrafted in 18K gold, the ring blends timeless sophistication with modern refinement — a design that symbolizes clarity, strength, and enduring love. Each ring is ethically sourced, IGI-certified, and backed by a lifetime craftsmanship guarantee. Features Center Stone: IGI-certified lab-grown emerald-cut diamond (D–VS2) Halo: Pavé-set accent diamonds (approx. 0.25 ct total) Metal: 18K Gold (available in White, Yellow, or Rose Gold) Setting: Emerald halo design with secure prongs Band Style: Smooth, minimalist gold shank Warranty: Lifetime craftsmanship guarantee Why You’ll Love It Sleek, modern brilliance in a timeless silhouette Ethically grown and masterfully cut diamonds Elegant, minimalist halo design Available in three luxurious 18K gold finishes",Diamonds by CS,Apparel & Accessories > Jewelry > Rings,Halo Ring,"collection:halo, Emerald, Engagement Ring, Halo, Lab-Grown Diamond, No Side Diamonds, Rose Gold, shape:emerald, White Gold, Yellow Gold",true,Color,whte-gold,product.metafields.shopify.color-pattern,,,,,,,,0.0,,deny,manual,1700.00,,true,true,,,,,"",https://cdn.shopify.com/s/files/1/0762/6122/8788/files/image1_65cfee4e-0d16-404e-8644-c5f08455ca4b.png?v=1760258412,1,"",false,,,,whte-gold; yellow-gold; rose-gold,,fine-jewelry,,halo,3; 3-5; 4-5; 5; 5-5; 6-5; 7; 7-5; 8; 8-5; 9; 9-5; 10; 10-5,,https://cdn.shopify.com/s/files/1/0762/6122/8788/files/image6_d9394cae-5830-4c77-8981-9d1b6badd4d1.png?v=1760258412,g,,,active
halo-ring-emerald-no-side-diamonds,,,,,,,,,yellow-gold,,,,,,,,,0.0,,deny,manual,1700.00,,true,true,,,,,"",https://cdn.shopify.com/s/files/1/0762/6122/8788/files/image2_a6f11cca-1034-4743-b558-826b54ad3bb1.png?v=1760258412,2,"",,,,,,,,,,,,https://cdn.shopify.com/s/files/1/0762/6122/8788/files/image3_ddc073e4-7348-4977-8819-bc669c92dba0.png?v=1760258412,g,,,
halo-ring-emerald-no-side-diamonds,,,,,,,,,rose-gold,,,,,,,,,0.0,,deny,manual,1700.00,,true,true,,,,,"",https://cdn.shopify.com/s/files/1/0762/6122/8788/files/image3_ddc073e4-7348-4977-8819-bc669c92dba0.png?v=1760258412,3,"",,,,,,,,,,,,https://cdn.shopify.com/s/files/1/0762/6122/8788/files/image1_65cfee4e-0d16-404e-8644-c5f08455ca4b.png?v=1760258412,g,,,
halo-ring-emerald-no-side-diamonds,,,,,,,,,,,,,,,,,,,,,,,,,,,,,,,https://cdn.shopify.com/s/files/1/0762/6122/8788/files/image4_b2f06b94-4def-4341-a138-21487f88de96.png?v=1760258412,4,"",,,,,,,,,,,,,,,,
halo-ring-emerald-no-side-diamonds,,,,,,,,,,,,,,,,,,,,,,,,,,,,,,,https://cdn.shopify.com/s/files/1/0762/6122/8788/files/image5_af634b46-b897-446e-b56e-b6ca7935c3db.png?v=1760258411,5,"",,,,,,,,,,,,,,,,
halo-ring-emerald-no-side-diamonds,,,,,,,,,,,,,,,,,,,,,,,,,,,,,,,https://cdn.shopify.com/s/files/1/0762/6122/8788/files/image6_d9394cae-5830-4c77-8981-9d1b6badd4d1.png?v=1760258412,6,"",,,,,,,,,,,,,,,,
halo-ring-princess-no-side-diamonds,18K Gold Princess-Cut Lab-Grown Diamond Halo Engagement Ring,"Regal geometry. Modern allure. This princess-cut halo engagement ring features a brilliant lab-grown D–VS2 diamond, framed by a dazzling pavé halo that amplifies its radiance from every angle.With its crisp symmetry and luminous sparkle, the princess cut offers a balance of boldness and refinement. Expertly handcrafted in 18K gold, this ring embodies timeless beauty — an heirloom piece designed to endure generations. Each ring is ethically sourced, IGI-certified, and protected by a lifetime craftsmanship guarantee. Features Center Stone: IGI-certified lab-grown princess-cut diamond (D–VS2) Halo: Pavé-set accent diamonds (approx. 0.25 ct total) Metal: 18K Gold (available in White, Yellow, or Rose Gold) Setting: Classic halo with secure prongs Band Style: Sleek, high-polish finish Warranty: Lifetime craftsmanship guarantee Why You’ll Love It Clean, contemporary silhouette with remarkable brilliance Ethically grown, masterfully cut diamonds Handcrafted in premium 18K gold finishes Perfect harmony of elegance and strength",Diamonds by CS,Apparel & Accessories > Jewelry > Rings,Halo Ring,"collection:halo, Engagement Ring, Halo, Lab-Grown Diamond, No Side Diamonds, Princess, Rose Gold, shape:princess, White Gold, Yellow Gold",true,Color,rose-gold,product.metafields.shopify.color-pattern,,,,,,,,0.0,,deny,manual,1700.00,,true,true,,,,,"",https://cdn.shopify.com/s/files/1/0762/6122/8788/files/image1_7e482b26-b479-45bb-bff7-cd0b4ac44a8a.png?v=1760258497,1,"",false,,,,rose-gold; yellow-gold; whte-gold,yellow-gold; rose-gold; white-gold,fine-jewelry,,halo,3; 3-5; 4-5; 5; 5-5; 6-5; 7; 7-5; 8; 8-5; 9; 9-5; 10; 10-5,,https://cdn.shopify.com/s/files/1/0762/6122/8788/files/image1_7e482b26-b479-45bb-bff7-cd0b4ac44a8a.png?v=1760258497,g,,,active
halo-ring-princess-no-side-diamonds,,,,,,,,,yellow-gold,,,,,,,,,0.0,,deny,manual,1700.00,,true,true,,,,,"",https://cdn.shopify.com/s/files/1/0762/6122/8788/files/image2_155fb930-83bf-4821-94db-81f65a7031da.png?v=1760258498,2,"",,,,,,,,,,,,https://cdn.shopify.com/s/files/1/0762/6122/8788/files/image4_92ad18d5-d63e-4abc-87f3-b9e1ddaee361.png?v=1760258498,g,,,
halo-ring-princess-no-side-diamonds,,,,,,,,,whte-gold,,,,,,,,,0.0,,deny,manual,1700.00,,true,true,,,,,"",https://cdn.shopify.com/s/files/1/0762/6122/8788/files/image3_57b70589-502c-489a-ab66-c60bd04c0ee9.png?v=1760258498,3,"",,,,,,,,,,,,https://cdn.shopify.com/s/files/1/0762/6122/8788/files/image6_cecfbcce-6fb1-46a6-8136-72305bf61cb5.png?v=1760258497,g,,,
halo-ring-princess-no-side-diamonds,,,,,,,,,,,,,,,,,,,,,,,,,,,,,,,https://cdn.shopify.com/s/files/1/0762/6122/8788/files/image4_92ad18d5-d63e-4abc-87f3-b9e1ddaee361.png?v=1760258498,4,"",,,,,,,,,,,,,,,,
halo-ring-princess-no-side-diamonds,,,,,,,,,,,,,,,,,,,,,,,,,,,,,,,https://cdn.shopify.com/s/files/1/0762/6122/8788/files/image5_3a36810e-8228-4ced-88a9-b69ef10e4d8f.png?v=1760258498,5,"",,,,,,,,,,,,,,,,
halo-ring-princess-no-side-diamonds,,,,,,,,,,,,,,,,,,,,,,,,,,,,,,,https://cdn.shopify.com/s/files/1/0762/6122/8788/files/image6_cecfbcce-6fb1-46a6-8136-72305bf61cb5.png?v=1760258497,6,"",,,,,,,,,,,,,,,,
halo-ring-pear-no-side-diamonds,18K Gold Pear-Cut Lab-Grown Diamond Halo Engagement Ring,"Graceful. Captivating. Uniquely radiant. This pear-cut halo engagement ring features a luminous lab-grown D–VS2 diamond, encircled by a delicate pavé halo that enhances its brilliance and elongates the hand with elegant symmetry. Handcrafted in 18K gold, the teardrop silhouette combines modern romance with timeless sophistication — a design that captures both emotion and artistry. Each ring is ethically sourced, IGI-certified, and backed by a lifetime craftsmanship guarantee. Features Center Stone: IGI-certified lab-grown pear-cut diamond (D–VS2) Halo: Pavé-set accent diamonds (approx. 0.25 ct total) Metal: 18K Gold (available in White, Yellow, or Rose Gold) Setting: Halo with secure prongs Band Style: Smooth, high-polish finish Warranty: Lifetime craftsmanship guarantee Why You’ll Love It Distinctive teardrop shape symbolizes elegance and emotion Ethically grown, sustainably crafted lab diamonds Handcrafted in premium 18K gold finishes Classic halo design with a modern, romantic twist",Diamonds by CS,Apparel & Accessories > Jewelry > Rings,Halo Ring,"collection:halo, Engagement Ring, Halo, Lab-Grown Diamond, No Side Diamonds, Pear, Rose Gold, shape:pear, White Gold, Yellow Gold",true,Color,rose-gold,product.metafields.shopify.color-pattern,,,,,,,,0.0,,deny,manual,1700.00,,true,true,,,,,"",https://cdn.shopify.com/s/files/1/0762/6122/8788/files/image1_0b156266-fb41-49e0-bef9-2a28d9697bb9.png?v=1760258611,1,"",false,,,,rose-gold; white; yellow-gold,yellow-gold; rose-gold; white-gold,fine-jewelry,,halo,,,https://cdn.shopify.com/s/files/1/0762/6122/8788/files/image1_0b156266-fb41-49e0-bef9-2a28d9697bb9.png?v=1760258611,g,,,active
halo-ring-pear-no-side-diamonds,,,,,,,,,white,,,,,,,,,0.0,,deny,manual,1700.00,,true,true,,,,,"",https://cdn.shopify.com/s/files/1/0762/6122/8788/files/image2_0f538c25-44e4-4f42-ba3d-233a88dd7aee.png?v=1760258610,2,"",,,,,,,,,,,,https://cdn.shopify.com/s/files/1/0762/6122/8788/files/image5_a80f775f-c400-47b7-866e-761849b13d00.png?v=1760258610,g,,,
halo-ring-pear-no-side-diamonds,,,,,,,,,yellow-gold,,,,,,,,,0.0,,deny,manual,1700.00,,true,true,,,,,"",https://cdn.shopify.com/s/files/1/0762/6122/8788/files/image3_ac8bb876-3586-4b82-bafb-ddfca20fe90c.png?v=1760258611,3,"",,,,,,,,,,,,https://cdn.shopify.com/s/files/1/0762/6122/8788/files/image3_ac8bb876-3586-4b82-bafb-ddfca20fe90c.png?v=1760258611,g,,,
halo-ring-pear-no-side-diamonds,,,,,,,,,,,,,,,,,,,,,,,,,,,,,,,https://cdn.shopify.com/s/files/1/0762/6122/8788/files/image4_d7943c0a-b1e3-4570-a875-a1d0f4302512.png?v=1760258611,4,"",,,,,,,,,,,,,,,,
halo-ring-pear-no-side-diamonds,,,,,,,,,,,,,,,,,,,,,,,,,,,,,,,https://cdn.shopify.com/s/files/1/0762/6122/8788/files/image5_a80f775f-c400-47b7-866e-761849b13d00.png?v=1760258610,5,"",,,,,,,,,,,,,,,,
halo-ring-pear-no-side-diamonds,,,,,,,,,,,,,,,,,,,,,,,,,,,,,,,https://cdn.shopify.com/s/files/1/0762/6122/8788/files/image6_8b1ece2d-0efa-41d8-a994-555fe06035cb.png?v=1760258611,6,"",,,,,,,,,,,,,,,,
halo-ring-marquise-with-side-diamonds,18K Gold Marquise-Cut Lab-Grown Diamond Halo Engagement Ring with Side Diamonds,"Regal elegance. Unmatched brilliance. This marquise-cut halo engagement ring showcases an elongated lab-grown D–VS2 diamond, encircled by a radiant pavé halo, and accented by side diamonds that add dimension and depth to its slender silhouette. Expertly handcrafted in 18K gold, the marquise cut’s pointed edges and brilliant facets create a captivating sparkle that exudes timeless sophistication and modern artistry. Each ring is ethically sourced, IGI-certified, and backed by a lifetime craftsmanship guarantee. Features Center Stone: IGI-certified lab-grown marquise diamond (D–VS2) Halo: Pavé-set accent diamonds surrounding the center stone Side Stones: 0.25 ct total weight lab-grown diamonds Metal: 18K Gold (available in White, Yellow, or Rose Gold) Setting: Halo with side diamonds and secure prongs Band Style: Tapered micro-pavé with polished finish Warranty: Lifetime craftsmanship guarantee Why You’ll Love It Gracefully elongates the finger with regal proportions Ethically grown, precision-cut lab diamonds Distinctive combination of halo and side diamond brilliance Available in three radiant 18K gold finishes",Diamonds by CS,Apparel & Accessories > Jewelry > Rings,Halo Ring,"collection:halo, Engagement Ring, Halo + Side Diamonds, Lab-Grown Diamond, Marquise, Rose Gold, shape:marquise, Side Diamonds, White Gold, Yellow Gold",true,Title,Default Title,,,,,,,,,0.0,,deny,manual,1700.00,,true,true,,,,,,https://cdn.shopify.com/s/files/1/0762/6122/8788/files/image1_45de09b4-4517-4fd3-afcd-da08887ea2aa.png?v=1760258809,1,"",false,,,,whte-gold; yellow-gold; rose-gold,yellow-gold; rose-gold; white-gold,fine-jewelry,,halo,3; 3-5; 4-5; 5; 5-5; 6-5; 7; 7-5; 8; 8-5; 9; 9-5; 10; 10-5,,,g,,,active
halo-ring-marquise-with-side-diamonds,,,,,,,,,,,,,,,,,,,,,,,,,,,,,,,https://cdn.shopify.com/s/files/1/0762/6122/8788/files/image2_3a9e001d-9c04-42ae-a2f6-4c4cc62babef.png?v=1760258808,2,"",,,,,,,,,,,,,,,,
halo-ring-marquise-with-side-diamonds,,,,,,,,,,,,,,,,,,,,,,,,,,,,,,,https://cdn.shopify.com/s/files/1/0762/6122/8788/files/image3_1b3a5e1c-66c5-451f-8091-ace2a6549d9f.png?v=1760258809,3,"",,,,,,,,,,,,,,,,
halo-ring-marquise-with-side-diamonds,,,,,,,,,,,,,,,,,,,,,,,,,,,,,,,https://cdn.shopify.com/s/files/1/0762/6122/8788/files/image4_d3a73d95-f0e7-4563-b4ca-edbe88143aa0.png?v=1760258809,4,"",,,,,,,,,,,,,,,,
halo-ring-marquise-with-side-diamonds,,,,,,,,,,,,,,,,,,,,,,,,,,,,,,,https://cdn.shopify.com/s/files/1/0762/6122/8788/files/image5_19f548d7-ba12-454e-8dc3-8a0683ca17c7.png?v=1760258809,5,"",,,,,,,,,,,,,,,,
halo-ring-marquise-with-side-diamonds,,,,,,,,,,,,,,,,,,,,,,,,,,,,,,,https://cdn.shopify.com/s/files/1/0762/6122/8788/files/image6_955db879-b00e-4086-a186-db4260b57e1f.png?v=1760258809,6,"",,,,,,,,,,,,,,,,
solitaire-ring-oval-with-side-diamonds,18K Gold Oval-Cut Lab-Grown Diamond Solitaire Engagement Ring with Side Diamonds,"Graceful. Radiant. Timelessly romantic. This oval-cut solitaire engagement ring showcases a brilliant lab-grown D–VS2 diamond, flanked by delicate side diamonds that enhance the stone’s natural fire and brilliance. The elongated oval silhouette flatters every hand, offering the perfect balance of modern sophistication and classic elegance.Expertly handcrafted in 18K gold, each ring embodies purity, beauty, and lasting craftsmanship. Every piece is ethically sourced, IGI-certified, and backed by a lifetime craftsmanship guarantee. Features Center Stone: IGI-certified lab-grown oval diamond (D–VS2) Side Stones: 0.25 ct total weight lab-grown diamonds Metal: 18K Gold (available in White, Yellow, or Rose Gold) Setting: Classic solitaire with side accents Band Style: Tapered high-polish finish Warranty: Lifetime craftsmanship guarantee Why You’ll Love It Elegant oval silhouette for timeless appeal Ethically grown and sustainably crafted diamonds Enhanced sparkle from fine side accents Available in three premium 18K gold finishes",Diamonds by CS,Apparel & Accessories > Jewelry > Rings,Solitaire Ring,"18K Gold, collection:solitaire, Engagement Ring, Lab-Grown Diamond, Oval, Rose Gold, shape:oval, Side Diamonds, Solitaire, Solitaire + Side Diamonds, White Gold, Yellow Gold",true,Color,yellow-gold,product.metafields.shopify.color-pattern,,,,,,,,0.0,,deny,manual,1700.00,,true,true,,,,,"",https://cdn.shopify.com/s/files/1/0762/6122/8788/files/image1_78f8393a-ba37-4523-a32f-9ec8d69e3b25.png?v=1760258987,1,"",false,,,,yellow-gold; rose-gold; white,yellow-gold; rose-gold; white-gold,fine-jewelry,,solitaire,3; 3-5; 4-5; 5; 5-5; 6-5; 7; 7-5; 8; 8-5; 9; 9-5; 10; 10-5,,https://cdn.shopify.com/s/files/1/0762/6122/8788/files/image3_b4099ac8-7aee-46ab-bab9-1e66ed404112.png?v=1760258987,g,,,active
solitaire-ring-oval-with-side-diamonds,,,,,,,,,rose-gold,,,,,,,,,0.0,,deny,manual,1700.00,,true,true,,,,,"",https://cdn.shopify.com/s/files/1/0762/6122/8788/files/image2_cd21efff-db9e-4ded-b506-dc63c53c8458.png?v=1760258987,2,"",,,,,,,,,,,,https://cdn.shopify.com/s/files/1/0762/6122/8788/files/image1_78f8393a-ba37-4523-a32f-9ec8d69e3b25.png?v=1760258987,g,,,
solitaire-ring-oval-with-side-diamonds,,,,,,,,,white,,,,,,,,,0.0,,deny,manual,1700.00,,true,true,,,,,"",https://cdn.shopify.com/s/files/1/0762/6122/8788/files/image3_b4099ac8-7aee-46ab-bab9-1e66ed404112.png?v=1760258987,3,"",,,,,,,,,,,,https://cdn.shopify.com/s/files/1/0762/6122/8788/files/image6_34e0107f-291d-4bb3-b249-107fa80e078f.png?v=1760258987,g,,,
solitaire-ring-oval-with-side-diamonds,,,,,,,,,,,,,,,,,,,,,,,,,,,,,,,https://cdn.shopify.com/s/files/1/0762/6122/8788/files/image4_a01bb562-8f43-42b5-8379-d10383fb066c.png?v=1760258988,4,"",,,,,,,,,,,,,,,,
solitaire-ring-oval-with-side-diamonds,,,,,,,,,,,,,,,,,,,,,,,,,,,,,,,https://cdn.shopify.com/s/files/1/0762/6122/8788/files/image5_e8b503ec-7a4e-4b1a-aed4-8a8cf07847c3.png?v=1760258987,5,"",,,,,,,,,,,,,,,,
solitaire-ring-oval-with-side-diamonds,,,,,,,,,,,,,,,,,,,,,,,,,,,,,,,https://cdn.shopify.com/s/files/1/0762/6122/8788/files/image6_34e0107f-291d-4bb3-b249-107fa80e078f.png?v=1760258987,6,"",,,,,,,,,,,,,,,,
solitaire-ring-pear-with-side-diamonds,18K Gouden Peervormig-Geslepen Lab-Groei Diamanten Solitaire Verlovingsring met Zijdiamanten,"<p data-start=""114"" data-end=""508""><strong data-start=""114"" data-end=""154"">Romantisch. Elegant. Uniek stralend.</strong><br data-start=""154"" data-end=""157"">Deze peervormig-geslepen solitaire verlovingsring schittert met een lumineuze lab-gegroeide diamant van kwaliteit D–VS2, sierlijk omlijst door zijdiamanten die de vuur en schittering versterken. Het traanvormige silhouet, met de hand vervaardigd in 18K goud, straalt tijdloze verfijning en moderne gratie uit — een symbool van zowel kracht als emotie.</p>
<p data-start=""510"" data-end=""653"">Elke ring is ethisch geproduceerd, IGI-gecertificeerd en ontworpen om een leven lang mee te gaan, ondersteund door een garantie op vakmanschap.</p>
<hr data-start=""655"" data-end=""658"">
<h3 data-start=""660"" data-end=""677""><strong data-start=""664"" data-end=""677"">Kenmerken</strong></h3>
<ul data-start=""678"" data-end=""1068"">
<li data-start=""678"" data-end=""764"">
<p data-start=""680"" data-end=""764""><strong data-start=""680"" data-end=""700"">Middelste steen:</strong> IGI-gecertificeerde lab-gegroeide peervormige diamant (D–VS2)</p>
</li>
<li data-start=""765"" data-end=""841"">
<p data-start=""767"" data-end=""841""><strong data-start=""767"" data-end=""781"">Zijstenen:</strong> Lab-gegroeide diamanten met een totaalgewicht van 0,25 ct</p>
</li>
<li data-start=""842"" data-end=""906"">
<p data-start=""844"" data-end=""906""><strong data-start=""844"" data-end=""855"">Metaal:</strong> 18K goud (verkrijgbaar in wit, geel of roségoud)</p>
</li>
<li data-start=""907"" data-end=""959"">
<p data-start=""909"" data-end=""959""><strong data-start=""909"" data-end=""921"">Zetting:</strong> Klassieke solitaire met zijaccenten</p>
</li>
<li data-start=""960"" data-end=""1014"">
<p data-start=""962"" data-end=""1014""><strong data-start=""962"" data-end=""976"">Bandstijl:</strong> Gladde, taps toelopende gouden band</p>
</li>
<li data-start=""1015"" data-end=""1068"">
<p data-start=""1017"" data-end=""1068""><strong data-start=""1017"" data-end=""1030"">Garantie:</strong> Levenslange garantie op vakmanschap</p>
</li>
</ul>
<hr data-start=""1070"" data-end=""1073"">
<h3 data-start=""1075"" data-end=""1110""><strong data-start=""1079"" data-end=""1110"">Waarom je ervan zult houden</strong></h3>
<ul data-start=""1111"" data-end=""1342"">
<li data-start=""1111"" data-end=""1179"">
<p data-start=""1113"" data-end=""1179"">De peervorm combineert schittering met verfijnde kunstzinnigheid</p>
</li>
<li data-start=""1180"" data-end=""1224"">
<p data-start=""1182"" data-end=""1224"">Ethisch gegroeid en duurzaam vervaardigd</p>
</li>
<li data-start=""1225"" data-end=""1287"">
<p data-start=""1227"" data-end=""1287"">Versterkte sparkle dankzij nauwkeurig gezette zijdiamanten</p>
</li>
<li data-start=""1288"" data-end=""1342"">
<p data-start=""1290"" data-end=""1342"">Verkrijgbaar in drie stralende 18K goudafwerkingen</p>
</li>
</ul>",Diamonds by CS,Apparel & Accessories > Jewelry > Rings,Solitaire Ring,"18K Gold, collection:solitaire, Engagement Ring, Lab-Grown Diamond, Pear, Rose Gold, shape:pear, Side Diamonds, Solitaire, Solitaire + Side Diamonds, White Gold, Yellow Gold",true,Color,yellow-gold,product.metafields.shopify.color-pattern,,,,,,,,0.0,,deny,manual,1700.00,,true,true,,,,,"",https://cdn.shopify.com/s/files/1/0762/6122/8788/files/image1_f0ba1255-5727-4eba-9f3a-7d5f7192bf43.png?v=1760259102,1,"",false,,,,yellow-gold; white; rose-gold,yellow-gold; rose-gold; white-gold,fine-jewelry,,solitaire,3; 3-5; 4-5; 5; 5-5; 6-5; 7; 7-5; 8; 8-5; 9; 9-5; 10; 10-5,,https://cdn.shopify.com/s/files/1/0762/6122/8788/files/image3_f5f07c24-b343-4b89-9bd6-45d34b66021c.png?v=1760259102,g,,,active
solitaire-ring-pear-with-side-diamonds,,,,,,,,,white,,,,,,,,,0.0,,deny,manual,1700.00,,true,true,,,,,"",https://cdn.shopify.com/s/files/1/0762/6122/8788/files/image2_32083b49-b518-40f9-b4e3-f7f2f1256925.png?v=1760259102,2,"",,,,,,,,,,,,https://cdn.shopify.com/s/files/1/0762/6122/8788/files/image5_cf286f08-437a-44dc-8f89-9c8d62adbfe7.png?v=1760259102,g,,,
solitaire-ring-pear-with-side-diamonds,,,,,,,,,rose-gold,,,,,,,,,0.0,,deny,manual,1700.00,,true,true,,,,,"",https://cdn.shopify.com/s/files/1/0762/6122/8788/files/image3_f5f07c24-b343-4b89-9bd6-45d34b66021c.png?v=1760259102,3,"",,,,,,,,,,,,https://cdn.shopify.com/s/files/1/0762/6122/8788/files/image1_f0ba1255-5727-4eba-9f3a-7d5f7192bf43.png?v=1760259102,g,,,
solitaire-ring-pear-with-side-diamonds,,,,,,,,,,,,,,,,,,,,,,,,,,,,,,,https://cdn.shopify.com/s/files/1/0762/6122/8788/files/image4_0524c66f-39f0-4039-8796-0ae602bf884e.png?v=1760259102,4,"",,,,,,,,,,,,,,,,
solitaire-ring-pear-with-side-diamonds,,,,,,,,,,,,,,,,,,,,,,,,,,,,,,,https://cdn.shopify.com/s/files/1/0762/6122/8788/files/image5_cf286f08-437a-44dc-8f89-9c8d62adbfe7.png?v=1760259102,5,"",,,,,,,,,,,,,,,,
solitaire-ring-pear-with-side-diamonds,,,,,,,,,,,,,,,,,,,,,,,,,,,,,,,https://cdn.shopify.com/s/files/1/0762/6122/8788/files/image6_22077178-f8c1-44d6-a87e-49d7db869194.png?v=1760259102,6,"",,,,,,,,,,,,,,,,
solitaire-ring-oval-no-side-diamonds,18K Gouden Ovaal-Geslepen Lab-Groei Diamanten Solitaire Verlovingsring,"<p data-start=""178"" data-end=""605""><strong data-start=""178"" data-end=""217"">Tijdloos. Verfijnd. Pure elegantie.</strong><br data-start=""217"" data-end=""220"">Deze ovaal-geslepen solitaire verlovingsring benadrukt een schitterende lab-gegroeide diamant van kwaliteit D–VS2, gezet op een slanke, minimalistische band — elegantie in haar puurste vorm. Vakkundig met de hand vervaardigd in 18K goud weerkaatst het langgerekte ovale silhouet het licht vanuit elke hoek, waardoor een zachte, stralende glans ontstaat die eeuwige liefde symboliseert.</p>
<p data-start=""607"" data-end=""723"">Elke ring is ethisch geproduceerd, IGI-gecertificeerd en wordt geleverd met een levenslange garantie op vakmanschap.</p>
<hr data-start=""725"" data-end=""728"">
<h3 data-start=""730"" data-end=""747""><strong data-start=""734"" data-end=""747"">Kenmerken</strong></h3>
<ul data-start=""748"" data-end=""1064"">
<li data-start=""748"" data-end=""828"">
<p data-start=""750"" data-end=""828""><strong data-start=""750"" data-end=""770"">Middelste steen:</strong> IGI-gecertificeerde lab-gegroeide ovale diamant (D–VS2)</p>
</li>
<li data-start=""829"" data-end=""893"">
<p data-start=""831"" data-end=""893""><strong data-start=""831"" data-end=""842"">Metaal:</strong> 18K goud (verkrijgbaar in wit, geel of roségoud)</p>
</li>
<li data-start=""894"" data-end=""950"">
<p data-start=""896"" data-end=""950""><strong data-start=""896"" data-end=""908"">Zetting:</strong> Klassieke solitaire met stevige griffen</p>
</li>
<li data-start=""951"" data-end=""1010"">
<p data-start=""953"" data-end=""1010""><strong data-start=""953"" data-end=""967"">Bandstijl:</strong> Gladde, minimalistische comfort-fit band</p>
</li>
<li data-start=""1011"" data-end=""1064"">
<p data-start=""1013"" data-end=""1064""><strong data-start=""1013"" data-end=""1026"">Garantie:</strong> Levenslange garantie op vakmanschap</p>
</li>
</ul>
<hr data-start=""1066"" data-end=""1069"">
<h3 data-start=""1071"" data-end=""1106""><strong data-start=""1075"" data-end=""1106"">Waarom je ervan zult houden</strong></h3>
<ul data-start=""1107"" data-end=""1339"">
<li data-start=""1107"" data-end=""1179"">
<p data-start=""1109"" data-end=""1179"">De ovale vorm verlengt optisch de vinger en versterkt de schittering</p>
</li>
<li data-start=""1180"" data-end=""1235"">
<p data-start=""1182"" data-end=""1235"">Ethisch gegroeide, duurzaam vervaardigde labdiamant</p>
</li>
<li data-start=""1236"" data-end=""1287"">
<p data-start=""1238"" data-end=""1287"">Met de hand gemaakt in luxe 18K goudafwerkingen</p>
</li>
<li data-start=""1288"" data-end=""1339"">
<p data-start=""1290"" data-end=""1339"">Een tijdloos ontwerp dat altijd stijlvol blijft</p>
</li>
</ul>",Diamonds by CS,Apparel & Accessories > Jewelry > Rings,Solitaire Ring,"18K Gold, collection:solitaire, Engagement Ring, Lab-Grown Diamond, No Side Diamonds, Oval, Rose Gold, shape:oval, Solitaire, White Gold, Yellow Gold",true,Color,whte-gold,product.metafields.shopify.color-pattern,,,,,,,,0.0,,deny,manual,1700.00,,true,true,,,,,"",https://cdn.shopify.com/s/files/1/0762/6122/8788/files/RingImage.png?v=1760259380,1,"",false,,,,whte-gold; yellow-gold; rose-gold,yellow-gold; rose-gold; white-gold,fine-jewelry,,solitaire,3; 3-5; 4-5; 5; 5-5; 6-5; 7; 7-5; 8; 8-5; 9; 9-5; 10; 10-5,,https://cdn.shopify.com/s/files/1/0762/6122/8788/files/RingImage-1.png?v=1760259380,g,,,active
solitaire-ring-oval-no-side-diamonds,,,,,,,,,yellow-gold,,,,,,,,,0.0,,deny,manual,1700.00,,true,true,,,,,"",https://cdn.shopify.com/s/files/1/0762/6122/8788/files/ProductImage.png?v=1760259380,2,"",,,,,,,,,,,,https://cdn.shopify.com/s/files/1/0762/6122/8788/files/ProductImage-3.png?v=1760259380,g,,,
solitaire-ring-oval-no-side-diamonds,,,,,,,,,rose-gold,,,,,,,,,0.0,,deny,manual,1700.00,,true,true,,,,,"",https://cdn.shopify.com/s/files/1/0762/6122/8788/files/ProductImage-2.png?v=1760259380,3,"",,,,,,,,,,,,https://cdn.shopify.com/s/files/1/0762/6122/8788/files/ProductImage.png?v=1760259380,g,,,
solitaire-ring-oval-no-side-diamonds,,,,,,,,,,,,,,,,,,,,,,,,,,,,,,,https://cdn.shopify.com/s/files/1/0762/6122/8788/files/ProductImage-3.png?v=1760259380,4,"",,,,,,,,,,,,,,,,
solitaire-ring-oval-no-side-diamonds,,,,,,,,,,,,,,,,,,,,,,,,,,,,,,,https://cdn.shopify.com/s/files/1/0762/6122/8788/files/ProductImage-1.png?v=1760259380,5,"",,,,,,,,,,,,,,,,
solitaire-ring-oval-no-side-diamonds,,,,,,,,,,,,,,,,,,,,,,,,,,,,,,,https://cdn.shopify.com/s/files/1/0762/6122/8788/files/RingImage-1.png?v=1760259380,6,"",,,,,,,,,,,,,,,,
solitaire-ring-marquise-with-side-diamonds,18K Gouden Marquise-Geslepen Lab-Groei Diamanten Solitaire Verlovingsring met Zijdiamanten,"<hr data-end=""98"" data-start=""95"">
<p data-end=""566"" data-start=""100""><strong data-end=""146"" data-start=""100"">Elegant. Verfijnd. Uitzonderlijk stralend.</strong></p>
<p data-end=""566"" data-start=""100""><br data-end=""149"" data-start=""146"">Deze marquise-geslepen solitaire verlovingsring schittert met een indrukwekkende lab-gegroeide diamant van kwaliteit D–VS2. De langgerekte vorm wordt sierlijk geaccentueerd door briljante zijdiamanten die de schittering versterken en perfecte balans creëren. Met de hand vervaardigd in 18K goud symboliseert de marquise-silhouet visie en helderheid, voor een uitstraling die zowel koninklijk als moeiteloos modern is.</p>
<p data-end=""680"" data-start=""568"">Elke ring is ethisch geproduceerd, IGI-gecertificeerd en beschermd door een levenslange garantie op vakmanschap.</p>
<h3 data-end=""704"" data-start=""687""><strong data-end=""704"" data-start=""691"">Kenmerken</strong></h3>
<ul data-end=""1108"" data-start=""705"">
<li data-end=""797"" data-start=""705"">
<p data-end=""797"" data-start=""707""><strong data-end=""727"" data-start=""707"">Middelste steen:</strong> IGI-gecertificeerde lab-gegroeide marquise-geslepen diamant (D–VS2)</p>
</li>
<li data-end=""874"" data-start=""798"">
<p data-end=""874"" data-start=""800""><strong data-end=""814"" data-start=""800"">Zijstenen:</strong> Lab-gegroeide diamanten met een totaalgewicht van 0,25 ct</p>
</li>
<li data-end=""938"" data-start=""875"">
<p data-end=""938"" data-start=""877""><strong data-end=""888"" data-start=""877"">Metaal:</strong> 18K goud (beschikbaar in wit, geel of roségoud)</p>
</li>
<li data-end=""1000"" data-start=""939"">
<p data-end=""1000"" data-start=""941""><strong data-end=""953"" data-start=""941"">Zetting:</strong> Solitaire met zijaccenten en stevige griffen</p>
</li>
<li data-end=""1054"" data-start=""1001"">
<p data-end=""1054"" data-start=""1003""><strong data-end=""1017"" data-start=""1003"">Bandstijl:</strong> Taps toelopend comfort-fit ontwerp</p>
</li>
<li data-end=""1108"" data-start=""1055"">
<p data-end=""1108"" data-start=""1057""><strong data-end=""1070"" data-start=""1057"">Garantie:</strong> Levenslange garantie op vakmanschap</p>
</li>
</ul>
<h3 data-end=""1150"" data-start=""1115""><strong data-end=""1150"" data-start=""1119"">Waarom je ervan zult houden</strong></h3>
<ul data-end=""1397"" data-start=""1151"">
<li data-end=""1217"" data-start=""1151"">
<p data-end=""1217"" data-start=""1153"">Unieke marquise-vorm die de hand optisch verlengt en flatteert</p>
</li>
<li data-end=""1273"" data-start=""1218"">
<p data-end=""1273"" data-start=""1220"">Ethisch gegroeide, nauwkeurig geslepen labdiamanten</p>
</li>
<li data-end=""1336"" data-start=""1274"">
<p data-end=""1336"" data-start=""1276"">Perfecte mix van klassieke elegantie en moderne verfijning</p>
</li>
<li data-end=""1397"" data-start=""1337"">
<p data-end=""1397"" data-start=""1339"">Met de hand vervaardigd in drie luxe 18K goudafwerkingen</p>
</li>
</ul>
<p data-is-only-node="""" data-is-last-node="""" data-end=""1562"" data-start=""1404""> </p>",Diamonds by CS,Apparel & Accessories > Jewelry > Rings,Solitaire Ring,"18K Gold, collection:solitaire, Engagement Ring, Lab-Grown Diamond, Marquise, Rose Gold, shape:marquise, Side Diamonds, Solitaire, Solitaire + Side Diamonds, White Gold, Yellow Gold",true,Color,yellow-gold,product.metafields.shopify.color-pattern,,,,,,,,0.0,,deny,manual,1900.00,,true,true,,,,,"",https://cdn.shopify.com/s/files/1/0762/6122/8788/files/image1_7528f876-afa8-496f-9257-48e167791968.png?v=1760259488,1,"",false,,,,yellow-gold; white; rose-gold,yellow-gold; rose-gold; white-gold,fine-jewelry,,solitaire,3; 3-5; 4-5; 5; 5-5; 6-5; 7; 7-5; 8; 8-5; 9; 9-5; 10; 10-5,,https://cdn.shopify.com/s/files/1/0762/6122/8788/files/image3_87f1f9dc-67d5-4d4f-b675-edf7dd91de9b.png?v=1760259488,g,,,active
solitaire-ring-marquise-with-side-diamonds,,,,,,,,,white,,,,,,,,,0.0,,deny,manual,1900.00,,true,true,,,,,"",https://cdn.shopify.com/s/files/1/0762/6122/8788/files/image2_47aada9f-1bcb-4404-81fb-38d7079e4361.png?v=1760259488,2,"",,,,,,,,,,,,https://cdn.shopify.com/s/files/1/0762/6122/8788/files/image2_47aada9f-1bcb-4404-81fb-38d7079e4361.png?v=1760259488,g,,,
solitaire-ring-marquise-with-side-diamonds,,,,,,,,,rose-gold,,,,,,,,,0.0,,deny,manual,1900.00,,true,true,,,,,"",https://cdn.shopify.com/s/files/1/0762/6122/8788/files/image3_87f1f9dc-67d5-4d4f-b675-edf7dd91de9b.png?v=1760259488,3,"",,,,,,,,,,,,https://cdn.shopify.com/s/files/1/0762/6122/8788/files/image1_7528f876-afa8-496f-9257-48e167791968.png?v=1760259488,g,,,
solitaire-ring-marquise-no-side-diamonds,18K Gouden Marquise-Geslepen Lab-Groei Diamanten Solitaire Verlovingsring,"<p data-start=""187"" data-end=""574"">Slank. Verfijnd. Onmiskenbaar elegant.<br data-start=""225"" data-end=""228"">Deze marquise-geslepen solitaire verlovingsring schittert met een prachtige lab-gegroeide diamant in de kleur D–VS2. De langgerekte vorm staat symbool voor visie en eeuwige liefde. Met de hand vervaardigd in 18K goud maximaliseert de marquise-vorm de schittering en creëert hij een illusie van lengte en gratie — een werkelijk betoverend ontwerp.</p>
<p data-start=""576"" data-end=""735"">Elke ring is ethisch geproduceerd, IGI-gecertificeerd en wordt geleverd met een levenslange garantie op vakmanschap — een symbool van schoonheid én bewustzijn.</p>
<h3 data-start=""742"" data-end=""759""><strong data-start=""746"" data-end=""759"">Kenmerken</strong></h3>
<ul data-start=""760"" data-end=""1088"">
<li data-start=""760"" data-end=""852"">
<p data-start=""762"" data-end=""852""><strong data-start=""762"" data-end=""782"">Middelste steen:</strong> IGI-gecertificeerde lab-gegroeide marquise-geslepen diamant (D–VS2)</p>
</li>
<li data-start=""853"" data-end=""917"">
<p data-start=""855"" data-end=""917""><strong data-start=""855"" data-end=""866"">Metaal:</strong> 18K goud (verkrijgbaar in wit, geel of roségoud)</p>
</li>
<li data-start=""918"" data-end=""974"">
<p data-start=""920"" data-end=""974""><strong data-start=""920"" data-end=""932"">Zetting:</strong> Klassieke solitaire met stevige griffen</p>
</li>
<li data-start=""975"" data-end=""1034"">
<p data-start=""977"" data-end=""1034""><strong data-start=""977"" data-end=""991"">Bandstijl:</strong> Gladde, minimalistische comfort-fit ring</p>
</li>
<li data-start=""1035"" data-end=""1088"">
<p data-start=""1037"" data-end=""1088""><strong data-start=""1037"" data-end=""1050"">Garantie:</strong> Levenslange garantie op vakmanschap</p>
</li>
</ul>
<h3 data-start=""1095"" data-end=""1130""><strong data-start=""1099"" data-end=""1130"">Waarom je ervan zult houden</strong></h3>
<ul data-start=""1131"" data-end=""1358"">
<li data-start=""1131"" data-end=""1208"">
<p data-start=""1133"" data-end=""1208"">Marquise-slijpvorm versterkt de schittering en verlengt optisch de vinger</p>
</li>
<li data-start=""1209"" data-end=""1259"">
<p data-start=""1211"" data-end=""1259"">Ethisch gegroeide, nauwkeurig geslepen diamant</p>
</li>
<li data-start=""1260"" data-end=""1304"">
<p data-start=""1262"" data-end=""1304"">Met de hand vervaardigd in luxe 18K goud</p>
</li>
<li data-start=""1305"" data-end=""1358"">
<p data-start=""1307"" data-end=""1358"">Een moderne interpretatie van tijdloze verfijning</p>
</li>
</ul>",Diamonds by CS,Apparel & Accessories > Jewelry > Rings,Solitaire Ring,"18K Gold, collection:solitaire, Engagement Ring, Lab-Grown Diamond, Marquise, No Side Diamonds, Rose Gold, shape:marquise, Solitaire, White Gold, Yellow Gold",true,Color,rose-gold,product.metafields.shopify.color-pattern,,,,,,,,0.0,,deny,manual,1700.00,,true,true,,,,,"",https://cdn.shopify.com/s/files/1/0762/6122/8788/files/image1_31ae42c3-3e80-4e28-850d-20b7d6e13658.png?v=1760259623,1,"",false,,,,rose-gold; yellow-gold; whte-gold,yellow-gold; rose-gold; white-gold,fine-jewelry,,solitaire,3; 3-5; 4-5; 5; 5-5; 6-5; 7; 7-5; 8; 8-5; 9; 9-5; 10; 10-5,,https://cdn.shopify.com/s/files/1/0762/6122/8788/files/image1_31ae42c3-3e80-4e28-850d-20b7d6e13658.png?v=1760259623,g,,,active
solitaire-ring-marquise-no-side-diamonds,,,,,,,,,yellow-gold,,,,,,,,,0.0,,deny,manual,1700.00,,true,true,,,,,"",https://cdn.shopify.com/s/files/1/0762/6122/8788/files/image2_db21c120-9aca-4a9a-bc08-16688e74bb66.png?v=1760259623,2,"",,,,,,,,,,,,https://cdn.shopify.com/s/files/1/0762/6122/8788/files/image3_105f7226-deaa-4a48-b4db-4fb6a1a8ac1e.png?v=1760259623,g,,,
solitaire-ring-marquise-no-side-diamonds,,,,,,,,,whte-gold,,,,,,,,,0.0,,deny,manual,1700.00,,true,true,,,,,"",https://cdn.shopify.com/s/files/1/0762/6122/8788/files/image3_105f7226-deaa-4a48-b4db-4fb6a1a8ac1e.png?v=1760259623,3,"",,,,,,,,,,,,https://cdn.shopify.com/s/files/1/0762/6122/8788/files/image2_db21c120-9aca-4a9a-bc08-16688e74bb66.png?v=1760259623,g,,,
